"ID","Rider Reference","Attraction Reference","Can Ride","Rating","Title","Created Date","Updated Date","Owner"
"0113eb85-ead5-4493-b36e-daefbe348af1","b42dde42-efb7-4cf8-b9d3-bbf2c37f8abb","c07915cf-329f-4b13-9b63-c6347a06350b",true,,,2024-12-23T01:53:56Z,2024-12-23T01:53:56Z,"0807be68-01fb-4267-b518-9d8256bf305c"
"01168ff4-4a69-46f5-b35f-fc30ad66d57d","c4f8698a-7308-40f5-9ecb-4f9e7ffa69fb","c6629aa3-8b3e-4e1a-8a25-298e8305bb17",true,4,,2024-12-08T01:46:28Z,2024-12-23T01:40:30Z,"cf7a3772-6c8b-4551-8f13-3677ab83986b"
"01754677-4c10-4920-8167-fbc657e77c37","b42dde42-efb7-4cf8-b9d3-bbf2c37f8abb","5df71217-b707-4bbd-ad5a-8a6dbb70b916",true,,,2024-12-23T01:53:56Z,2024-12-23T01:53:56Z,"0807be68-01fb-4267-b518-9d8256bf305c"
"01aa8896-48d3-443e-8dfc-0c8f732865b9","f2e90052-5346-44ca-96a1-14855aa6011d","5edc4d6d-bf39-4b8b-8c2f-1514e5012815",true,1,,2024-12-08T01:46:08Z,2024-12-23T01:39:49Z,"cf7a3772-6c8b-4551-8f13-3677ab83986b"
"02b0330f-0953-467e-a2b1-08c836375c7c","458515e7-1bc5-4ce8-b3b5-3484689949d2","cf462e27-f8fd-42c3-ba35-441745eb11e8",true,3,,2024-12-15T04:20:13Z,2024-12-23T01:36:08Z,"cf7a3772-6c8b-4551-8f13-3677ab83986b"
"038db61a-5342-4cab-b89b-73e4e8fe7d05","b42dde42-efb7-4cf8-b9d3-bbf2c37f8abb","5edc4d6d-bf39-4b8b-8c2f-1514e5012815",true,,,2024-12-23T01:53:56Z,2024-12-23T01:53:56Z,"0807be68-01fb-4267-b518-9d8256bf305c"
"04f0939e-c053-4ead-a3c6-5e2983f521da","b42dde42-efb7-4cf8-b9d3-bbf2c37f8abb","15b6c233-8f71-417f-a504-8fea77b90acf",true,,,2024-12-23T01:53:56Z,2024-12-23T01:53:56Z,"0807be68-01fb-4267-b518-9d8256bf305c"
"050800d0-b7d1-4210-9bad-cad9142a52e9","1eb094f0-89c4-475b-bd7f-80c69e3cd916","711e92fd-a35c-498a-b8ed-eeb4d0123189",true,,,2024-12-15T18:05:18Z,2024-12-15T18:05:18Z,"6f06c29d-1061-4f7e-8738-b352aaabf5f7"
"051f6beb-21fe-4c01-b192-9d9c864654a7","b42dde42-efb7-4cf8-b9d3-bbf2c37f8abb","5b0ac15a-1d22-4ec8-a0b4-fca73dacbc8d",true,,,2024-12-23T01:53:56Z,2024-12-23T01:53:56Z,"0807be68-01fb-4267-b518-9d8256bf305c"
"05f02aec-7700-4ae9-aafa-9dca5f867796","0bef70c1-193b-4494-a9a0-5c3bf9c222d1","39c1f9cb-7538-40f3-a210-2070098e0880",true,5,,2024-12-08T01:45:51Z,2024-12-23T01:33:27Z,"cf7a3772-6c8b-4551-8f13-3677ab83986b"
"063d54f8-aede-41bd-93d0-e0483f5ed8d7","458515e7-1bc5-4ce8-b3b5-3484689949d2","62187efc-c935-4e0b-8a8a-1961a34eaa62",true,4,,2024-12-15T04:20:13Z,2024-12-23T01:33:53Z,"cf7a3772-6c8b-4551-8f13-3677ab83986b"
"0719fddd-26f2-49a8-bd09-241726e657e7","7db935a3-9adc-492e-8c0d-39a483f3f13c","fd229249-a1af-4858-8393-65ccf4e95f85",true,,,2024-12-23T01:53:41Z,2024-12-23T01:53:41Z,"0807be68-01fb-4267-b518-9d8256bf305c"
"071ed837-0c84-4274-8267-65cdb11c06d2","b42dde42-efb7-4cf8-b9d3-bbf2c37f8abb","9a80545e-c3ed-420c-aa9b-f5d32d9d3bc0",true,,,2024-12-23T01:53:56Z,2024-12-23T01:53:56Z,"0807be68-01fb-4267-b518-9d8256bf305c"
"07430d0c-560e-491b-99b1-0e8262ae456f","7db935a3-9adc-492e-8c0d-39a483f3f13c","7b0ac2dd-dc3a-4c7f-a737-3d11d94bb886",true,,,2024-12-23T01:53:40Z,2024-12-23T01:53:40Z,"0807be68-01fb-4267-b518-9d8256bf305c"
"08078821-b3b1-4cda-9e2b-ed9a11318231","b42dde42-efb7-4cf8-b9d3-bbf2c37f8abb","e20111ba-167d-493b-a0cc-163705a555ee",true,,,2024-12-23T01:53:56Z,2024-12-23T01:53:56Z,"0807be68-01fb-4267-b518-9d8256bf305c"
"08d2e7f7-cda6-467b-b8c6-8ed1446bf780","c4f8698a-7308-40f5-9ecb-4f9e7ffa69fb","21199dfc-2037-4846-b7bc-0ed771a268ac",true,1,,2024-12-08T01:46:28Z,2024-12-11T04:38:12Z,"cf7a3772-6c8b-4551-8f13-3677ab83986b"
"0a11ff8d-0aa0-49f4-a06f-59eaa54b7e19","c4f8698a-7308-40f5-9ecb-4f9e7ffa69fb","15b6c233-8f71-417f-a504-8fea77b90acf",true,1,,2024-12-08T01:46:28Z,2024-12-11T04:38:12Z,"cf7a3772-6c8b-4551-8f13-3677ab83986b"
"0ab2e0f6-05b6-4d46-b563-c371b666c954","c4f8698a-7308-40f5-9ecb-4f9e7ffa69fb","907eb01a-cb4f-437e-ab61-5733f655f2d4",true,1,,2024-12-08T01:46:28Z,2024-12-23T01:40:08Z,"cf7a3772-6c8b-4551-8f13-3677ab83986b"
"0b1e171b-523a-4e13-ae27-fa50adedd48f","b42dde42-efb7-4cf8-b9d3-bbf2c37f8abb","e5a5bd49-dd60-4735-961b-c0375a762280",true,,,2024-12-23T01:53:56Z,2024-12-23T01:53:56Z,"0807be68-01fb-4267-b518-9d8256bf305c"
"0b233801-fd3f-4e63-b9f4-89b55e5eb78d","1eb094f0-89c4-475b-bd7f-80c69e3cd916","d9096fdd-64b3-49e1-9939-1427fbb8c8c2",true,,,2024-12-15T18:05:18Z,2024-12-15T18:05:18Z,"6f06c29d-1061-4f7e-8738-b352aaabf5f7"
"0b926393-1e2e-45b4-899f-cd4f5c570c5e","1eb094f0-89c4-475b-bd7f-80c69e3cd916","9a80545e-c3ed-420c-aa9b-f5d32d9d3bc0",true,,,2024-12-15T18:05:18Z,2024-12-15T18:05:18Z,"6f06c29d-1061-4f7e-8738-b352aaabf5f7"
"0d1046c8-29da-406b-9599-b1ac03aea0ad","7db935a3-9adc-492e-8c0d-39a483f3f13c","d893a8c7-3990-4d0b-ab44-2d0b8acf8260",true,,,2024-12-23T01:53:41Z,2024-12-23T01:53:41Z,"0807be68-01fb-4267-b518-9d8256bf305c"
"0df45932-ef6d-4488-b979-6590338ac82a","f2e90052-5346-44ca-96a1-14855aa6011d","8fea43bf-bb66-40ae-a33b-c6659df1df85",true,5,,2024-12-08T01:46:08Z,2024-12-23T01:38:37Z,"cf7a3772-6c8b-4551-8f13-3677ab83986b"
"0f27ba19-3aa2-4ff8-8a43-6e1e6cd46b4e","7db935a3-9adc-492e-8c0d-39a483f3f13c","32b03f6a-aa7b-4918-beab-bdb559468aa7",true,,,2024-12-23T01:53:40Z,2024-12-23T01:53:40Z,"0807be68-01fb-4267-b518-9d8256bf305c"
"0ffbaeef-d9ba-454d-973f-6b36bc6b9fd8","458515e7-1bc5-4ce8-b3b5-3484689949d2","907eb01a-cb4f-437e-ab61-5733f655f2d4",true,5,,2024-12-15T04:20:13Z,2024-12-23T01:40:06Z,"cf7a3772-6c8b-4551-8f13-3677ab83986b"
"106b9e5c-f849-4a64-bdc8-7c9bcbf9f226","458515e7-1bc5-4ce8-b3b5-3484689949d2","1c31479a-79b0-4510-b4f5-838f13dbf049",true,5,,2024-12-15T04:20:13Z,2024-12-23T01:33:15Z,"cf7a3772-6c8b-4551-8f13-3677ab83986b"
"123083d3-a8af-42c7-a74f-b98f1f9800c8","1eb094f0-89c4-475b-bd7f-80c69e3cd916","15b6c233-8f71-417f-a504-8fea77b90acf",true,,,2024-12-15T18:05:18Z,2024-12-15T18:05:18Z,"6f06c29d-1061-4f7e-8738-b352aaabf5f7"
"1264b991-929a-45dc-bd42-7f559e414ce4","7db935a3-9adc-492e-8c0d-39a483f3f13c","8002adcc-e31b-4e51-8050-422ac6ef3598",true,,,2024-12-23T01:53:40Z,2024-12-23T01:53:40Z,"0807be68-01fb-4267-b518-9d8256bf305c"
"12ddaabb-6a00-44f6-a031-59807c11303d","b42dde42-efb7-4cf8-b9d3-bbf2c37f8abb","32b03f6a-aa7b-4918-beab-bdb559468aa7",true,,,2024-12-23T01:53:56Z,2024-12-23T01:53:56Z,"0807be68-01fb-4267-b518-9d8256bf305c"
"134d77b5-a685-4442-822a-ea623675cb1e","b42dde42-efb7-4cf8-b9d3-bbf2c37f8abb","205a886c-825f-4f7a-9d37-6f3bf5416944",true,,,2024-12-23T01:53:56Z,2024-12-23T01:53:56Z,"0807be68-01fb-4267-b518-9d8256bf305c"
"1350f027-6261-407d-8e15-8c2195b45373","0bef70c1-193b-4494-a9a0-5c3bf9c222d1","f7e68715-897f-4463-a57f-ae031e2555d8",true,3,,2024-12-08T01:45:51Z,2024-12-11T04:39:27Z,"cf7a3772-6c8b-4551-8f13-3677ab83986b"
"14806bf1-dc71-4860-a962-ed159f257ea9","7db935a3-9adc-492e-8c0d-39a483f3f13c","c6629aa3-8b3e-4e1a-8a25-298e8305bb17",true,,,2024-12-23T01:53:40Z,2024-12-23T01:53:40Z,"0807be68-01fb-4267-b518-9d8256bf305c"
"1488b2c6-7f58-40d8-82b3-06fb654c0043","b42dde42-efb7-4cf8-b9d3-bbf2c37f8abb","fd229249-a1af-4858-8393-65ccf4e95f85",true,,,2024-12-23T01:53:56Z,2024-12-23T01:53:56Z,"0807be68-01fb-4267-b518-9d8256bf305c"
"15c8b2e0-dbe3-4d05-9053-5fbedf3a28d2","0bef70c1-193b-4494-a9a0-5c3bf9c222d1","c6629aa3-8b3e-4e1a-8a25-298e8305bb17",true,1,,2024-12-08T01:45:51Z,2024-12-11T04:51:58Z,"cf7a3772-6c8b-4551-8f13-3677ab83986b"
"15c91809-acc7-4fe5-a8a7-95101c94f810","b42dde42-efb7-4cf8-b9d3-bbf2c37f8abb","711e92fd-a35c-498a-b8ed-eeb4d0123189",true,,,2024-12-23T01:53:56Z,2024-12-23T01:53:56Z,"0807be68-01fb-4267-b518-9d8256bf305c"
"15e9d6e0-7cdf-459a-93fd-0bea21306ae8","1eb094f0-89c4-475b-bd7f-80c69e3cd916","43bfd150-4d90-47f7-a4b3-65cf7286483e",true,,,2024-12-15T18:05:18Z,2024-12-15T18:05:18Z,"6f06c29d-1061-4f7e-8738-b352aaabf5f7"
"16f88d3e-8b67-4f99-aaed-ef9acf183413","f2e90052-5346-44ca-96a1-14855aa6011d","35ef65a6-2801-4155-ad71-7945ac438555",true,2,,2024-12-08T01:46:08Z,2024-12-23T01:37:21Z,"cf7a3772-6c8b-4551-8f13-3677ab83986b"
"173e4b9e-44ff-442e-937c-b3cd942db328","1eb094f0-89c4-475b-bd7f-80c69e3cd916","b18374ba-538e-49a8-ad0d-445d4ff48b2e",true,,,2024-12-15T18:05:18Z,2024-12-15T18:05:18Z,"6f06c29d-1061-4f7e-8738-b352aaabf5f7"
"182f3b90-aa25-4141-8462-36602e3aca45","458515e7-1bc5-4ce8-b3b5-3484689949d2","35ef65a6-2801-4155-ad71-7945ac438555",true,2,,2024-12-15T04:20:13Z,2024-12-23T01:37:18Z,"cf7a3772-6c8b-4551-8f13-3677ab83986b"
"188a8e51-14ae-4428-8666-73f3343dd320","c4f8698a-7308-40f5-9ecb-4f9e7ffa69fb","a71a5c53-38c8-4130-ae27-18cdceaf7339",true,1,,2024-12-08T01:46:28Z,2024-12-23T01:38:49Z,"cf7a3772-6c8b-4551-8f13-3677ab83986b"
"192fc307-c868-41aa-9c63-53edaa262535","458515e7-1bc5-4ce8-b3b5-3484689949d2","7b0ac2dd-dc3a-4c7f-a737-3d11d94bb886",true,4,,2024-12-15T04:20:13Z,2024-12-23T01:37:36Z,"cf7a3772-6c8b-4551-8f13-3677ab83986b"
"19409cc6-a697-49a3-897b-efd5ff3679b5","c4f8698a-7308-40f5-9ecb-4f9e7ffa69fb","f0c5ec33-cc23-46ec-84ba-9f29c68b1d03",true,5,,2024-12-08T01:46:28Z,2024-12-11T04:38:12Z,"cf7a3772-6c8b-4551-8f13-3677ab83986b"
"196b3415-1c14-4a5b-bece-2caecc48b86d","1eb094f0-89c4-475b-bd7f-80c69e3cd916","fd229249-a1af-4858-8393-65ccf4e95f85",true,,,2024-12-15T18:05:18Z,2024-12-15T18:05:18Z,"6f06c29d-1061-4f7e-8738-b352aaabf5f7"
"19a40f6e-c653-4c60-bb3d-2cfceae5623f","458515e7-1bc5-4ce8-b3b5-3484689949d2","32b03f6a-aa7b-4918-beab-bdb559468aa7",true,5,,2024-12-15T04:20:13Z,2024-12-23T01:40:57Z,"cf7a3772-6c8b-4551-8f13-3677ab83986b"
"19c3a661-3b5b-499e-88bf-29206b70bbd6","0bef70c1-193b-4494-a9a0-5c3bf9c222d1","35ef65a6-2801-4155-ad71-7945ac438555",true,3,,2024-12-08T01:45:51Z,2024-12-23T01:37:22Z,"cf7a3772-6c8b-4551-8f13-3677ab83986b"
"1a9cb299-9222-4c85-a16a-f96353884166","f2e90052-5346-44ca-96a1-14855aa6011d","5df71217-b707-4bbd-ad5a-8a6dbb70b916",true,4,,2024-12-08T01:46:08Z,2024-12-11T23:20:15Z,"cf7a3772-6c8b-4551-8f13-3677ab83986b"
"1ade05b6-3082-495b-b793-3d18623f83cb","c4f8698a-7308-40f5-9ecb-4f9e7ffa69fb","e5a5bd49-dd60-4735-961b-c0375a762280",true,1,,2024-12-08T01:46:28Z,2024-12-11T04:38:12Z,"cf7a3772-6c8b-4551-8f13-3677ab83986b"
"1b1e9dc7-f6d4-4358-8b3f-ca69a2add34a","458515e7-1bc5-4ce8-b3b5-3484689949d2","c6629aa3-8b3e-4e1a-8a25-298e8305bb17",true,4,,2024-12-15T04:20:13Z,2024-12-23T01:40:21Z,"cf7a3772-6c8b-4551-8f13-3677ab83986b"
"1b380483-03db-4983-9fee-2b6bf6ab84b7","b42dde42-efb7-4cf8-b9d3-bbf2c37f8abb","7b0ac2dd-dc3a-4c7f-a737-3d11d94bb886",true,,,2024-12-23T01:53:56Z,2024-12-23T01:53:56Z,"0807be68-01fb-4267-b518-9d8256bf305c"
"1ccb42cf-52f8-4d37-83c0-1c4c169f194f","1eb094f0-89c4-475b-bd7f-80c69e3cd916","a71a5c53-38c8-4130-ae27-18cdceaf7339",true,,,2024-12-15T18:05:18Z,2024-12-15T18:05:18Z,"6f06c29d-1061-4f7e-8738-b352aaabf5f7"
"1e44d6ec-9789-42ee-8b8f-1574b7a6c4d3","f2e90052-5346-44ca-96a1-14855aa6011d","21199dfc-2037-4846-b7bc-0ed771a268ac",true,1,,2024-12-08T01:46:08Z,2024-12-11T04:39:42Z,"cf7a3772-6c8b-4551-8f13-3677ab83986b"
"1edf94fb-8cfd-412e-b4b7-1f87a1bd98a4","c4f8698a-7308-40f5-9ecb-4f9e7ffa69fb","e20111ba-167d-493b-a0cc-163705a555ee",true,5,,2024-12-08T01:46:28Z,2024-12-11T04:38:12Z,"cf7a3772-6c8b-4551-8f13-3677ab83986b"
"1f9e12a9-e620-4794-8379-b8f7550b9f1d","1eb094f0-89c4-475b-bd7f-80c69e3cd916","62187efc-c935-4e0b-8a8a-1961a34eaa62",true,,,2024-12-15T18:05:18Z,2024-12-15T18:05:18Z,"6f06c29d-1061-4f7e-8738-b352aaabf5f7"
"1ffde3a2-b28b-401a-858c-ac228f9c5889","1eb094f0-89c4-475b-bd7f-80c69e3cd916","65c1f478-b205-4ea0-8c1b-bae1e5671357",true,,,2024-12-15T18:05:18Z,2024-12-15T18:05:18Z,"6f06c29d-1061-4f7e-8738-b352aaabf5f7"
"2048500c-ffd6-4fb3-86f4-52eb4dccdd1f","458515e7-1bc5-4ce8-b3b5-3484689949d2","e48546a6-234f-45e0-9ed6-b931c9815362",true,5,,2024-12-15T04:20:13Z,2024-12-22T16:47:45Z,"cf7a3772-6c8b-4551-8f13-3677ab83986b"
"208de4f4-c154-4226-b696-5bfbac269b53","c4f8698a-7308-40f5-9ecb-4f9e7ffa69fb","cc7b4970-4772-4448-bd1e-7c58ffec9853",true,5,,2024-12-08T01:46:28Z,2024-12-23T01:39:17Z,"cf7a3772-6c8b-4551-8f13-3677ab83986b"
"20b1291f-b00e-4678-9ae2-810a51ecc494","f2e90052-5346-44ca-96a1-14855aa6011d","39c1f9cb-7538-40f3-a210-2070098e0880",true,5,,2024-12-08T01:46:08Z,2024-12-23T01:33:26Z,"cf7a3772-6c8b-4551-8f13-3677ab83986b"
"2227c074-3ac2-4491-a9db-708984d01fc5","7db935a3-9adc-492e-8c0d-39a483f3f13c","6a000ebe-6d17-4420-b4ff-db71093fd4ea",true,,,2024-12-23T01:53:40Z,2024-12-23T01:53:40Z,"0807be68-01fb-4267-b518-9d8256bf305c"
"22848560-d5d4-495e-b022-9f241e519f9a","0bef70c1-193b-4494-a9a0-5c3bf9c222d1","1c31479a-79b0-4510-b4f5-838f13dbf049",true,5,,2024-12-08T01:45:51Z,2024-12-11T04:46:30Z,"cf7a3772-6c8b-4551-8f13-3677ab83986b"
"2369a8cb-234c-4921-b036-4166a3697688","f2e90052-5346-44ca-96a1-14855aa6011d","a7b36232-227c-4e2a-8e00-982d97698719",true,3,,2024-12-08T01:46:08Z,2024-12-23T01:39:00Z,"cf7a3772-6c8b-4551-8f13-3677ab83986b"
"23cea973-5b0b-4f05-b3ed-dd7031ab2301","7db935a3-9adc-492e-8c0d-39a483f3f13c","b3e96cd4-d115-4fb1-9a9c-4e4ef0ffe4a5",true,,,2024-12-23T01:53:40Z,2024-12-23T01:53:40Z,"0807be68-01fb-4267-b518-9d8256bf305c"
"242cc9b8-bd43-4155-9f4a-65575e556d14","c4f8698a-7308-40f5-9ecb-4f9e7ffa69fb","fd229249-a1af-4858-8393-65ccf4e95f85",true,2,,2024-12-08T01:46:28Z,2024-12-11T04:38:12Z,"cf7a3772-6c8b-4551-8f13-3677ab83986b"
"2580b33f-3bc1-44a6-81f3-2d8617417cc7","0bef70c1-193b-4494-a9a0-5c3bf9c222d1","36db4565-d175-4450-a87f-6c69d32b74a7",false,,,2024-12-08T01:45:51Z,2024-12-11T04:47:35Z,"cf7a3772-6c8b-4551-8f13-3677ab83986b"
"25c36beb-f160-4b4d-bae5-869514ba4b35","458515e7-1bc5-4ce8-b3b5-3484689949d2","72136062-7651-4ee8-8cea-2fddc0d0238d",true,5,,2024-12-15T04:20:13Z,2024-12-23T01:41:01Z,"cf7a3772-6c8b-4551-8f13-3677ab83986b"
"27040395-cbd2-404b-b696-6cecb3c0803a","7db935a3-9adc-492e-8c0d-39a483f3f13c","62187efc-c935-4e0b-8a8a-1961a34eaa62",true,,,2024-12-23T01:53:40Z,2024-12-23T01:53:40Z,"0807be68-01fb-4267-b518-9d8256bf305c"
"27a7803c-9d56-4475-8923-0a04c33fce7f","b42dde42-efb7-4cf8-b9d3-bbf2c37f8abb","004e5f75-de06-4713-a321-709fdab70bc0",true,,,2024-12-23T01:53:56Z,2024-12-23T01:53:56Z,"0807be68-01fb-4267-b518-9d8256bf305c"
"28ddcffd-4580-4392-92ff-8c32804dc3f8","f2e90052-5346-44ca-96a1-14855aa6011d","c6629aa3-8b3e-4e1a-8a25-298e8305bb17",true,5,,2024-12-08T01:46:08Z,2024-12-23T01:40:23Z,"cf7a3772-6c8b-4551-8f13-3677ab83986b"
"28e16e7c-8069-432f-9a51-33b0450147b9","1eb094f0-89c4-475b-bd7f-80c69e3cd916","3132103e-c10d-46ff-bc73-cd5349d242f9",true,,,2024-12-15T18:05:18Z,2024-12-15T18:05:18Z,"6f06c29d-1061-4f7e-8738-b352aaabf5f7"
"29569565-9313-4be8-a395-5bf5bac972ec","1eb094f0-89c4-475b-bd7f-80c69e3cd916","d00d3cf8-90eb-4c33-a348-4bc0d90646b1",true,,,2024-12-15T18:05:18Z,2024-12-15T18:05:18Z,"6f06c29d-1061-4f7e-8738-b352aaabf5f7"
"2a00d122-d605-4ede-97f8-6ba977280086","7db935a3-9adc-492e-8c0d-39a483f3f13c","8fea43bf-bb66-40ae-a33b-c6659df1df85",true,,,2024-12-23T01:53:40Z,2024-12-23T01:53:40Z,"0807be68-01fb-4267-b518-9d8256bf305c"
"2a899340-a91e-4888-b6fe-12ec9a4b1300","1eb094f0-89c4-475b-bd7f-80c69e3cd916","a0d218a2-81e6-40c1-87ab-a9cf68538938",true,,,2024-12-15T18:05:18Z,2024-12-15T18:05:18Z,"6f06c29d-1061-4f7e-8738-b352aaabf5f7"
"2aaaaf2d-7167-46c1-8217-30ac67aad723","458515e7-1bc5-4ce8-b3b5-3484689949d2","9dcc740c-c8b4-482f-a757-a511ed74b3a5",true,2,,2024-12-15T04:20:13Z,2024-12-23T01:40:19Z,"cf7a3772-6c8b-4551-8f13-3677ab83986b"
"2b0ef567-b117-4000-88cd-efb71f3a3dba","b42dde42-efb7-4cf8-b9d3-bbf2c37f8abb","b3e96cd4-d115-4fb1-9a9c-4e4ef0ffe4a5",true,,,2024-12-23T01:53:56Z,2024-12-23T01:53:56Z,"0807be68-01fb-4267-b518-9d8256bf305c"
"2be931d7-eb33-4144-926d-51c7232a4894","b42dde42-efb7-4cf8-b9d3-bbf2c37f8abb","f7e68715-897f-4463-a57f-ae031e2555d8",true,,,2024-12-23T01:53:56Z,2024-12-23T01:53:56Z,"0807be68-01fb-4267-b518-9d8256bf305c"
"2c48ebc4-3d03-4440-be75-90c344eab104","7db935a3-9adc-492e-8c0d-39a483f3f13c","5b0ac15a-1d22-4ec8-a0b4-fca73dacbc8d",true,,,2024-12-23T01:53:40Z,2024-12-23T01:53:40Z,"0807be68-01fb-4267-b518-9d8256bf305c"
"2d99285c-30de-4942-8ef3-c22be25fcd23","c4f8698a-7308-40f5-9ecb-4f9e7ffa69fb","9a80545e-c3ed-420c-aa9b-f5d32d9d3bc0",true,3,,2024-12-08T01:46:28Z,2024-12-23T01:34:36Z,"cf7a3772-6c8b-4551-8f13-3677ab83986b"
"2f1f12ec-0a63-455a-9641-d1b730b6ffbb","0bef70c1-193b-4494-a9a0-5c3bf9c222d1","173322e0-c1b0-4f69-bd38-2467734a3544",false,,,2024-12-08T01:45:51Z,2024-12-11T04:39:48Z,"cf7a3772-6c8b-4551-8f13-3677ab83986b"
"30c61684-2cb7-44d5-857f-a4741c23e0ad","0bef70c1-193b-4494-a9a0-5c3bf9c222d1","907eb01a-cb4f-437e-ab61-5733f655f2d4",true,3,,2024-12-08T01:45:51Z,2024-12-11T04:50:33Z,"cf7a3772-6c8b-4551-8f13-3677ab83986b"
"30dff1d4-ae30-48fe-8727-53354fc93e0c","458515e7-1bc5-4ce8-b3b5-3484689949d2","f7e68715-897f-4463-a57f-ae031e2555d8",true,3,,2024-12-15T04:20:13Z,2024-12-22T16:48:13Z,"cf7a3772-6c8b-4551-8f13-3677ab83986b"
"310c929d-5b11-4808-99ff-510581923cc0","0bef70c1-193b-4494-a9a0-5c3bf9c222d1","7b0ac2dd-dc3a-4c7f-a737-3d11d94bb886",true,3,,2024-12-08T01:45:51Z,2024-12-11T04:50:00Z,"cf7a3772-6c8b-4551-8f13-3677ab83986b"
"312b708a-926f-4ee8-b586-86aa6d63fa1c","458515e7-1bc5-4ce8-b3b5-3484689949d2","d7ee0e76-ac79-4a51-a965-f85afeb22f25",true,5,,2024-12-15T04:20:13Z,2024-12-22T16:47:13Z,"cf7a3772-6c8b-4551-8f13-3677ab83986b"
"3325052d-e534-4384-ba14-4a14ed811cca","f2e90052-5346-44ca-96a1-14855aa6011d","d7ee0e76-ac79-4a51-a965-f85afeb22f25",true,3,,2024-12-08T01:46:08Z,2024-12-11T04:39:42Z,"cf7a3772-6c8b-4551-8f13-3677ab83986b"
"340721c5-49e4-40f6-b2ae-f02ded625537","b42dde42-efb7-4cf8-b9d3-bbf2c37f8abb","dc4d5ba1-9391-4e84-ac28-749802823b8d",true,,,2024-12-23T01:53:56Z,2024-12-23T01:53:56Z,"0807be68-01fb-4267-b518-9d8256bf305c"
"3414d233-7862-4894-8adc-79ece10ccdb3","c4f8698a-7308-40f5-9ecb-4f9e7ffa69fb","e48546a6-234f-45e0-9ed6-b931c9815362",true,5,,2024-12-08T01:46:28Z,2024-12-23T01:40:40Z,"cf7a3772-6c8b-4551-8f13-3677ab83986b"
"34592622-d909-4bb7-81a0-6ecb2da1697c","0bef70c1-193b-4494-a9a0-5c3bf9c222d1","b31d5f32-e952-4c8a-a612-bbd3797a4a91",true,5,,2024-12-08T01:45:51Z,2024-12-11T04:51:38Z,"cf7a3772-6c8b-4551-8f13-3677ab83986b"
"35376540-a005-4b68-9a60-4be634556f29","b42dde42-efb7-4cf8-b9d3-bbf2c37f8abb","36db4565-d175-4450-a87f-6c69d32b74a7",false,,,2024-12-23T01:53:56Z,2024-12-23T01:53:56Z,"0807be68-01fb-4267-b518-9d8256bf305c"
"35ee4ff5-bfc7-45a0-a32c-d8c9bba1429a","0bef70c1-193b-4494-a9a0-5c3bf9c222d1","9dcc740c-c8b4-482f-a757-a511ed74b3a5",true,5,,2024-12-08T01:45:51Z,2024-12-11T04:50:47Z,"cf7a3772-6c8b-4551-8f13-3677ab83986b"
"37725055-f0e5-4d20-9c8b-4c45a01d1ccf","f2e90052-5346-44ca-96a1-14855aa6011d","b18374ba-538e-49a8-ad0d-445d4ff48b2e",true,3,,2024-12-08T01:46:08Z,2024-12-23T01:39:14Z,"cf7a3772-6c8b-4551-8f13-3677ab83986b"
"389b50f8-6228-4109-b936-c78ffdf944d1","0bef70c1-193b-4494-a9a0-5c3bf9c222d1","6b080656-4d1e-4d54-8df2-380049556f44",true,3,,2024-12-08T01:45:51Z,2024-12-11T04:49:13Z,"cf7a3772-6c8b-4551-8f13-3677ab83986b"
"3917b7fb-d913-4666-9faa-f210fca69a7e","c4f8698a-7308-40f5-9ecb-4f9e7ffa69fb","010fe3a6-836b-4891-acb1-5ab4ed01a9ce",true,5,,2024-12-08T01:46:28Z,2024-12-11T04:38:12Z,"cf7a3772-6c8b-4551-8f13-3677ab83986b"
"391e8030-3265-4467-b792-9e1416e3b87d","f2e90052-5346-44ca-96a1-14855aa6011d","9f4eda61-b862-4b60-9b39-cb1239d740df",true,3,,2024-12-08T01:46:08Z,2024-12-11T23:21:33Z,"cf7a3772-6c8b-4551-8f13-3677ab83986b"
"3a3265c7-7806-4464-9cef-54754f5be536","1eb094f0-89c4-475b-bd7f-80c69e3cd916","5b0ac15a-1d22-4ec8-a0b4-fca73dacbc8d",true,,,2024-12-15T18:05:18Z,2024-12-15T18:05:18Z,"6f06c29d-1061-4f7e-8738-b352aaabf5f7"
"3b013597-7694-4973-982c-36211b0e23ad","458515e7-1bc5-4ce8-b3b5-3484689949d2","5b0ac15a-1d22-4ec8-a0b4-fca73dacbc8d",true,5,,2024-12-15T04:20:13Z,2024-12-23T01:33:45Z,"cf7a3772-6c8b-4551-8f13-3677ab83986b"
"3cd86126-7f5e-4fee-974d-0b6fc0fcacb4","b42dde42-efb7-4cf8-b9d3-bbf2c37f8abb","c6629aa3-8b3e-4e1a-8a25-298e8305bb17",false,,,2024-12-23T01:53:56Z,2024-12-23T01:53:56Z,"0807be68-01fb-4267-b518-9d8256bf305c"
"3cf99a17-406c-47ec-988f-fc09fdb66105","0bef70c1-193b-4494-a9a0-5c3bf9c222d1","a7b36232-227c-4e2a-8e00-982d97698719",true,5,,2024-12-08T01:45:51Z,2024-12-11T04:51:06Z,"cf7a3772-6c8b-4551-8f13-3677ab83986b"
"3cff85a0-097f-49d2-805f-bda16f760ae6","458515e7-1bc5-4ce8-b3b5-3484689949d2","39c1f9cb-7538-40f3-a210-2070098e0880",true,5,,2024-12-15T04:20:13Z,2024-12-23T01:33:23Z,"cf7a3772-6c8b-4551-8f13-3677ab83986b"
"3db69090-d73e-49b3-99bf-1bfca2493e47","1eb094f0-89c4-475b-bd7f-80c69e3cd916","7197122c-b22f-4b60-9f62-a7c924a66eb9",true,,,2024-12-15T18:05:18Z,2024-12-15T18:05:18Z,"6f06c29d-1061-4f7e-8738-b352aaabf5f7"
"3ec0e0a7-b2d8-49de-bd2b-9331accc3192","f2e90052-5346-44ca-96a1-14855aa6011d","cf462e27-f8fd-42c3-ba35-441745eb11e8",true,1,,2024-12-08T01:46:08Z,2024-12-23T01:36:12Z,"cf7a3772-6c8b-4551-8f13-3677ab83986b"
"3eec59ae-c3cc-4773-9aa0-5ee30d3160db","b42dde42-efb7-4cf8-b9d3-bbf2c37f8abb","3132103e-c10d-46ff-bc73-cd5349d242f9",true,,,2024-12-23T01:53:56Z,2024-12-23T01:53:56Z,"0807be68-01fb-4267-b518-9d8256bf305c"
"3f53fb18-30d0-45dd-98c4-546c9b7e6235","1eb094f0-89c4-475b-bd7f-80c69e3cd916","c6629aa3-8b3e-4e1a-8a25-298e8305bb17",true,,,2024-12-15T18:05:18Z,2024-12-15T18:05:18Z,"6f06c29d-1061-4f7e-8738-b352aaabf5f7"
"400a96b5-a014-41c1-827c-204cd83ab54c","b42dde42-efb7-4cf8-b9d3-bbf2c37f8abb","7197122c-b22f-4b60-9f62-a7c924a66eb9",true,,,2024-12-23T01:53:56Z,2024-12-23T01:53:56Z,"0807be68-01fb-4267-b518-9d8256bf305c"
"41d9cd54-3269-46f6-abc5-114dc3845426","458515e7-1bc5-4ce8-b3b5-3484689949d2","b31d5f32-e952-4c8a-a612-bbd3797a4a91",true,5,,2024-12-15T04:20:13Z,2024-12-23T01:35:46Z,"cf7a3772-6c8b-4551-8f13-3677ab83986b"
"43235e84-afad-4330-8a3b-3863a5477b6e","f2e90052-5346-44ca-96a1-14855aa6011d","e5a5bd49-dd60-4735-961b-c0375a762280",true,1,,2024-12-08T01:46:08Z,2024-12-11T04:39:42Z,"cf7a3772-6c8b-4551-8f13-3677ab83986b"
"436638cf-9e55-401f-a04f-a2f47713ee80","c4f8698a-7308-40f5-9ecb-4f9e7ffa69fb","5edc4d6d-bf39-4b8b-8c2f-1514e5012815",true,1,,2024-12-08T01:46:28Z,2024-12-23T01:39:48Z,"cf7a3772-6c8b-4551-8f13-3677ab83986b"
"461a530d-64f3-4772-b401-249ac925cb2d","f2e90052-5346-44ca-96a1-14855aa6011d","62187efc-c935-4e0b-8a8a-1961a34eaa62",true,5,,2024-12-08T01:46:08Z,2024-12-11T23:20:26Z,"cf7a3772-6c8b-4551-8f13-3677ab83986b"
"469de6b0-61b2-4a3e-853c-cc19a75f7287","7db935a3-9adc-492e-8c0d-39a483f3f13c","173322e0-c1b0-4f69-bd38-2467734a3544",true,,,2024-12-23T01:53:41Z,2024-12-23T01:53:41Z,"0807be68-01fb-4267-b518-9d8256bf305c"
"48480879-6754-4b51-9cb9-2791047408a2","458515e7-1bc5-4ce8-b3b5-3484689949d2","3f324208-e673-454a-a1d0-e1e1cde8a174",true,5,,2024-12-15T04:20:13Z,2024-12-23T01:33:30Z,"cf7a3772-6c8b-4551-8f13-3677ab83986b"
"4866905d-5f5f-4c00-a8f6-652842998954","f2e90052-5346-44ca-96a1-14855aa6011d","b31d5f32-e952-4c8a-a612-bbd3797a4a91",true,5,,2024-12-08T01:46:08Z,2024-12-23T01:35:48Z,"cf7a3772-6c8b-4551-8f13-3677ab83986b"
"4949754e-10ff-42af-bd53-e50b0a706adf","7db935a3-9adc-492e-8c0d-39a483f3f13c","21199dfc-2037-4846-b7bc-0ed771a268ac",true,,,2024-12-23T01:53:41Z,2024-12-23T01:53:41Z,"0807be68-01fb-4267-b518-9d8256bf305c"
"4a1c7a4e-d0de-4cd5-84d5-4cf6614b0e00","b42dde42-efb7-4cf8-b9d3-bbf2c37f8abb","010fe3a6-836b-4891-acb1-5ab4ed01a9ce",true,,,2024-12-23T01:53:56Z,2024-12-23T01:53:56Z,"0807be68-01fb-4267-b518-9d8256bf305c"
"4a8e23eb-d263-4f42-808b-52b3bbdd2eb3","458515e7-1bc5-4ce8-b3b5-3484689949d2","a71a5c53-38c8-4130-ae27-18cdceaf7339",true,1,,2024-12-15T04:20:13Z,2024-12-23T01:38:48Z,"cf7a3772-6c8b-4551-8f13-3677ab83986b"
"4a95612f-bd0a-4161-a2c4-bfb249bea16a","f2e90052-5346-44ca-96a1-14855aa6011d","d9096fdd-64b3-49e1-9939-1427fbb8c8c2",true,1,,2024-12-08T01:46:08Z,2024-12-11T04:39:42Z,"cf7a3772-6c8b-4551-8f13-3677ab83986b"
"4abb602c-316f-4208-820b-ccdef6cb38c6","7db935a3-9adc-492e-8c0d-39a483f3f13c","f0c5ec33-cc23-46ec-84ba-9f29c68b1d03",true,,,2024-12-23T01:53:41Z,2024-12-23T01:53:41Z,"0807be68-01fb-4267-b518-9d8256bf305c"
"4be02a18-5462-425d-a026-c3e4d4590a94","b42dde42-efb7-4cf8-b9d3-bbf2c37f8abb","a7b36232-227c-4e2a-8e00-982d97698719",true,,,2024-12-23T01:53:56Z,2024-12-23T01:53:56Z,"0807be68-01fb-4267-b518-9d8256bf305c"
"4c31958d-7dd7-4c2b-897e-27b71e585b22","458515e7-1bc5-4ce8-b3b5-3484689949d2","dc4d5ba1-9391-4e84-ac28-749802823b8d",true,5,,2024-12-15T04:20:13Z,2024-12-22T16:47:37Z,"cf7a3772-6c8b-4551-8f13-3677ab83986b"
"4dec93ad-b4c4-45ab-b9a2-06db1a234eed","458515e7-1bc5-4ce8-b3b5-3484689949d2","b18374ba-538e-49a8-ad0d-445d4ff48b2e",true,3,,2024-12-15T04:20:13Z,2024-12-23T01:39:12Z,"cf7a3772-6c8b-4551-8f13-3677ab83986b"
"4e346e6e-d34b-4921-a34f-033f1917587e","b42dde42-efb7-4cf8-b9d3-bbf2c37f8abb","cc7b4970-4772-4448-bd1e-7c58ffec9853",true,,,2024-12-23T01:53:56Z,2024-12-23T01:53:56Z,"0807be68-01fb-4267-b518-9d8256bf305c"
"4e5a438a-00f8-4ecb-bfc2-6d94040dad86","c4f8698a-7308-40f5-9ecb-4f9e7ffa69fb","0ba378d6-fc4b-4842-83df-e5ace9a9b90c",true,2,,2024-12-08T01:46:28Z,2024-12-11T04:38:12Z,"cf7a3772-6c8b-4551-8f13-3677ab83986b"
"52ac2505-24f3-4b94-8ee8-d30f7011bc71","f2e90052-5346-44ca-96a1-14855aa6011d","36db4565-d175-4450-a87f-6c69d32b74a7",true,3,,2024-12-08T01:46:08Z,2024-12-11T23:19:24Z,"cf7a3772-6c8b-4551-8f13-3677ab83986b"
"52f35816-2d9f-418a-8d3b-62fb470a8951","0bef70c1-193b-4494-a9a0-5c3bf9c222d1","43bfd150-4d90-47f7-a4b3-65cf7286483e",true,3,,2024-12-08T01:45:51Z,2024-12-11T04:48:26Z,"cf7a3772-6c8b-4551-8f13-3677ab83986b"
"5301646d-cffd-4a70-b40b-f001111035c4","b42dde42-efb7-4cf8-b9d3-bbf2c37f8abb","b31d5f32-e952-4c8a-a612-bbd3797a4a91",true,,,2024-12-23T01:53:56Z,2024-12-23T01:53:56Z,"0807be68-01fb-4267-b518-9d8256bf305c"
"540b97e7-ed26-449b-8756-998b6f86d4ef","b42dde42-efb7-4cf8-b9d3-bbf2c37f8abb","b4cfacfb-b15c-422e-b8a1-792a51bd5cbd",true,,,2024-12-23T01:53:56Z,2024-12-23T01:53:56Z,"0807be68-01fb-4267-b518-9d8256bf305c"
"55c247f9-088a-42e9-995f-f44465404b75","f2e90052-5346-44ca-96a1-14855aa6011d","72d81e24-fd94-4625-b121-8318ceeb7fa0",true,1,,2024-12-08T01:46:08Z,2024-12-23T01:40:01Z,"cf7a3772-6c8b-4551-8f13-3677ab83986b"
"5791498b-f8fd-4227-b3a1-7f495e5342f5","1eb094f0-89c4-475b-bd7f-80c69e3cd916","173322e0-c1b0-4f69-bd38-2467734a3544",true,,,2024-12-15T18:05:18Z,2024-12-15T18:05:18Z,"6f06c29d-1061-4f7e-8738-b352aaabf5f7"
"57e965ff-ac49-4761-88df-033dc7ec4390","1eb094f0-89c4-475b-bd7f-80c69e3cd916","333c2ab2-1831-4f09-8755-502e8d61b345",true,,,2024-12-15T18:05:18Z,2024-12-15T18:05:18Z,"6f06c29d-1061-4f7e-8738-b352aaabf5f7"
"581875d4-f0f0-40a0-a4e7-0355615e19eb","b42dde42-efb7-4cf8-b9d3-bbf2c37f8abb","72d81e24-fd94-4625-b121-8318ceeb7fa0",true,,,2024-12-23T01:53:56Z,2024-12-23T01:53:56Z,"0807be68-01fb-4267-b518-9d8256bf305c"
"58a53b57-065f-418a-aa55-bcc2983f7087","7db935a3-9adc-492e-8c0d-39a483f3f13c","e20111ba-167d-493b-a0cc-163705a555ee",true,,,2024-12-23T01:53:41Z,2024-12-23T01:53:41Z,"0807be68-01fb-4267-b518-9d8256bf305c"
"58b9a66d-696e-4133-9e54-ffebff1f4fd3","458515e7-1bc5-4ce8-b3b5-3484689949d2","e20111ba-167d-493b-a0cc-163705a555ee",true,5,,2024-12-15T04:20:13Z,2024-12-22T16:47:40Z,"cf7a3772-6c8b-4551-8f13-3677ab83986b"
"58f29ded-2321-4ea5-9977-37d06da424b8","1eb094f0-89c4-475b-bd7f-80c69e3cd916","004e5f75-de06-4713-a321-709fdab70bc0",true,,,2024-12-15T18:05:18Z,2024-12-15T18:05:18Z,"6f06c29d-1061-4f7e-8738-b352aaabf5f7"
"5a00cf1e-660e-48fb-bb03-27a2029e08f9","b42dde42-efb7-4cf8-b9d3-bbf2c37f8abb","d00d3cf8-90eb-4c33-a348-4bc0d90646b1",true,,,2024-12-23T01:53:56Z,2024-12-23T01:53:56Z,"0807be68-01fb-4267-b518-9d8256bf305c"
"5a00cf8d-336c-4ad1-94f2-e6fe33b60a44","b42dde42-efb7-4cf8-b9d3-bbf2c37f8abb","65c1f478-b205-4ea0-8c1b-bae1e5671357",true,,,2024-12-23T01:53:56Z,2024-12-23T01:53:56Z,"0807be68-01fb-4267-b518-9d8256bf305c"
"5a50292f-a9ee-41bf-896a-3ea6300b22d3","0bef70c1-193b-4494-a9a0-5c3bf9c222d1","6a000ebe-6d17-4420-b4ff-db71093fd4ea",true,3,,2024-12-08T01:45:51Z,2024-12-23T01:39:57Z,"cf7a3772-6c8b-4551-8f13-3677ab83986b"
"5b539d1d-285a-4cf0-9d91-f17f9ef3470c","0bef70c1-193b-4494-a9a0-5c3bf9c222d1","54b8eaae-dd0b-40ac-84d3-a9f2bdb22b45",true,5,,2024-12-08T01:45:51Z,2024-12-11T04:48:32Z,"cf7a3772-6c8b-4551-8f13-3677ab83986b"
"5bb15e79-9917-4a00-85c1-25ad5fbd5ec4","f2e90052-5346-44ca-96a1-14855aa6011d","9a80545e-c3ed-420c-aa9b-f5d32d9d3bc0",true,3,,2024-12-08T01:46:08Z,2024-12-23T01:34:38Z,"cf7a3772-6c8b-4551-8f13-3677ab83986b"
"5dd038b5-b71c-41a3-9864-f34df5ee9920","f2e90052-5346-44ca-96a1-14855aa6011d","9dcc740c-c8b4-482f-a757-a511ed74b3a5",true,5,,2024-12-08T01:46:08Z,2024-12-23T01:40:15Z,"cf7a3772-6c8b-4551-8f13-3677ab83986b"
"5ebe8c1d-2e0d-4647-93fd-59aa06afc114","c4f8698a-7308-40f5-9ecb-4f9e7ffa69fb","aca12467-e642-49b7-8012-a19e5ddf1d45",true,3,,2024-12-08T01:46:28Z,2024-12-23T01:39:07Z,"cf7a3772-6c8b-4551-8f13-3677ab83986b"
"5f22358c-5c79-497c-b356-1af5f93f5144","1eb094f0-89c4-475b-bd7f-80c69e3cd916","3f324208-e673-454a-a1d0-e1e1cde8a174",true,,,2024-12-15T18:05:18Z,2024-12-15T18:05:18Z,"6f06c29d-1061-4f7e-8738-b352aaabf5f7"
"5fc767df-f93f-4d11-9e98-e6f3ab8d0ecb","c4f8698a-7308-40f5-9ecb-4f9e7ffa69fb","36db4565-d175-4450-a87f-6c69d32b74a7",true,5,,2024-12-08T01:46:28Z,2024-12-23T01:39:40Z,"cf7a3772-6c8b-4551-8f13-3677ab83986b"
"60290bf2-c5ef-4d64-be2a-4d3f4a67e846","458515e7-1bc5-4ce8-b3b5-3484689949d2","43bfd150-4d90-47f7-a4b3-65cf7286483e",true,5,,2024-12-15T04:20:13Z,2024-12-23T01:37:30Z,"cf7a3772-6c8b-4551-8f13-3677ab83986b"
"6040437e-2c7a-4598-a4ef-7530fe17c25c","c4f8698a-7308-40f5-9ecb-4f9e7ffa69fb","b31d5f32-e952-4c8a-a612-bbd3797a4a91",true,5,,2024-12-08T01:46:28Z,2024-12-23T01:35:48Z,"cf7a3772-6c8b-4551-8f13-3677ab83986b"
"61201bd0-887e-45a2-8a96-11cce181f5ef","b42dde42-efb7-4cf8-b9d3-bbf2c37f8abb","62187efc-c935-4e0b-8a8a-1961a34eaa62",true,,,2024-12-23T01:53:56Z,2024-12-23T01:53:56Z,"0807be68-01fb-4267-b518-9d8256bf305c"
"6163b99a-f6ff-4339-aef7-dcd61984ac6a","0bef70c1-193b-4494-a9a0-5c3bf9c222d1","c720100f-cac2-42f8-ba77-58ffd2743835",true,5,,2024-12-08T01:45:51Z,2024-12-11T04:52:01Z,"cf7a3772-6c8b-4551-8f13-3677ab83986b"
"6411dd4d-7bb9-4fe3-8334-cd5d2eeea1ce","1eb094f0-89c4-475b-bd7f-80c69e3cd916","39c1f9cb-7538-40f3-a210-2070098e0880",true,,,2024-12-15T18:05:18Z,2024-12-15T18:05:18Z,"6f06c29d-1061-4f7e-8738-b352aaabf5f7"
"642fe6d4-7f5a-4c9a-ab70-6167aa6a8e0f","b42dde42-efb7-4cf8-b9d3-bbf2c37f8abb","907eb01a-cb4f-437e-ab61-5733f655f2d4",true,,,2024-12-23T01:53:56Z,2024-12-23T01:53:56Z,"0807be68-01fb-4267-b518-9d8256bf305c"
"64a5400c-7f37-4603-90a1-0e9efab3f96a","0bef70c1-193b-4494-a9a0-5c3bf9c222d1","b4cfacfb-b15c-422e-b8a1-792a51bd5cbd",true,3,,2024-12-08T01:45:51Z,2024-12-11T04:51:49Z,"cf7a3772-6c8b-4551-8f13-3677ab83986b"
"64b0cea9-7048-4696-8e03-e022b8cf27f5","458515e7-1bc5-4ce8-b3b5-3484689949d2","21199dfc-2037-4846-b7bc-0ed771a268ac",true,1,,2024-12-15T04:20:13Z,2024-12-23T01:36:48Z,"cf7a3772-6c8b-4551-8f13-3677ab83986b"
"65c72a09-0af7-4fcd-b756-b0f0d2cffc7a","1eb094f0-89c4-475b-bd7f-80c69e3cd916","72d81e24-fd94-4625-b121-8318ceeb7fa0",true,,,2024-12-15T18:05:18Z,2024-12-15T18:05:18Z,"6f06c29d-1061-4f7e-8738-b352aaabf5f7"
"66579673-995f-474a-abce-808013fdf26c","7db935a3-9adc-492e-8c0d-39a483f3f13c","cf462e27-f8fd-42c3-ba35-441745eb11e8",true,,,2024-12-23T01:53:40Z,2024-12-23T01:53:40Z,"0807be68-01fb-4267-b518-9d8256bf305c"
"66668013-e3d7-4105-b856-ca9b0784f549","7db935a3-9adc-492e-8c0d-39a483f3f13c","c07915cf-329f-4b13-9b63-c6347a06350b",true,,,2024-12-23T01:53:40Z,2024-12-23T01:53:40Z,"0807be68-01fb-4267-b518-9d8256bf305c"
"666fc4ff-fd1a-4a3e-97e7-9982359945f7","f2e90052-5346-44ca-96a1-14855aa6011d","b3e96cd4-d115-4fb1-9a9c-4e4ef0ffe4a5",true,5,,2024-12-08T01:46:08Z,2024-12-23T01:35:53Z,"cf7a3772-6c8b-4551-8f13-3677ab83986b"
"6711ff62-5bba-4244-aa61-f1c6a77be744","f2e90052-5346-44ca-96a1-14855aa6011d","54b8eaae-dd0b-40ac-84d3-a9f2bdb22b45",true,5,,2024-12-08T01:46:08Z,2024-12-11T23:20:07Z,"cf7a3772-6c8b-4551-8f13-3677ab83986b"
"68c664ff-f599-4dff-b4c0-0e460a31aa86","c4f8698a-7308-40f5-9ecb-4f9e7ffa69fb","8fea43bf-bb66-40ae-a33b-c6659df1df85",true,3,,2024-12-08T01:46:28Z,2024-12-23T01:38:42Z,"cf7a3772-6c8b-4551-8f13-3677ab83986b"
"6a018a93-df03-47a9-89f3-30d63041cc86","b42dde42-efb7-4cf8-b9d3-bbf2c37f8abb","d9096fdd-64b3-49e1-9939-1427fbb8c8c2",true,,,2024-12-23T01:53:56Z,2024-12-23T01:53:56Z,"0807be68-01fb-4267-b518-9d8256bf305c"
"6a1028c1-a007-4ea2-bb6a-458fef7ce07b","f2e90052-5346-44ca-96a1-14855aa6011d","1c31479a-79b0-4510-b4f5-838f13dbf049",true,5,,2024-12-08T01:46:08Z,2024-12-11T04:39:42Z,"cf7a3772-6c8b-4551-8f13-3677ab83986b"
"6a53f7a5-93c4-48d9-9715-92ab3bc07d29","0bef70c1-193b-4494-a9a0-5c3bf9c222d1","a0d218a2-81e6-40c1-87ab-a9cf68538938",false,,,2024-12-08T01:45:51Z,2024-12-11T04:51:00Z,"cf7a3772-6c8b-4551-8f13-3677ab83986b"
"6aa311a4-867b-4d06-b16d-410c3fe344f3","0bef70c1-193b-4494-a9a0-5c3bf9c222d1","d893a8c7-3990-4d0b-ab44-2d0b8acf8260",true,4,,2024-12-08T01:45:51Z,2024-12-11T04:39:27Z,"cf7a3772-6c8b-4551-8f13-3677ab83986b"
"6abb5cde-7515-46df-a1a0-185bd023eea9","f2e90052-5346-44ca-96a1-14855aa6011d","a71a5c53-38c8-4130-ae27-18cdceaf7339",true,1,,2024-12-08T01:46:08Z,2024-12-23T01:38:49Z,"cf7a3772-6c8b-4551-8f13-3677ab83986b"
"6b2aae1b-bf4c-4259-a3ba-54d8f3d957f8","c4f8698a-7308-40f5-9ecb-4f9e7ffa69fb","8002adcc-e31b-4e51-8050-422ac6ef3598",true,2,,2024-12-08T01:46:28Z,2024-12-13T04:56:40Z,"cf7a3772-6c8b-4551-8f13-3677ab83986b"
"6b801f15-2f0e-48dd-acb1-792e5bc96765","1eb094f0-89c4-475b-bd7f-80c69e3cd916","d893a8c7-3990-4d0b-ab44-2d0b8acf8260",true,,,2024-12-15T18:05:18Z,2024-12-15T18:05:18Z,"6f06c29d-1061-4f7e-8738-b352aaabf5f7"
"6bdae4a1-4883-417a-8992-662aebe9e7dd","7db935a3-9adc-492e-8c0d-39a483f3f13c","03f64121-4562-4c3e-bc03-5d91fb88f00b",true,,,2024-12-23T01:53:41Z,2024-12-23T01:53:41Z,"0807be68-01fb-4267-b518-9d8256bf305c"
"6c76a5ce-4506-4d68-897d-4cdc1d3710d3","f2e90052-5346-44ca-96a1-14855aa6011d","6b080656-4d1e-4d54-8df2-380049556f44",true,3,,2024-12-08T01:46:08Z,2024-12-23T01:34:11Z,"cf7a3772-6c8b-4551-8f13-3677ab83986b"
"6e02bb0a-32b5-4774-a1dd-61316e325402","1eb094f0-89c4-475b-bd7f-80c69e3cd916","8fea43bf-bb66-40ae-a33b-c6659df1df85",true,,,2024-12-15T18:05:18Z,2024-12-15T18:05:18Z,"6f06c29d-1061-4f7e-8738-b352aaabf5f7"
"6e4565a6-d57e-4633-bbec-43fc7d40a2ff","458515e7-1bc5-4ce8-b3b5-3484689949d2","72d81e24-fd94-4625-b121-8318ceeb7fa0",true,1,,2024-12-15T04:20:13Z,2024-12-23T01:40:00Z,"cf7a3772-6c8b-4551-8f13-3677ab83986b"
"6ed51781-ad59-4b5d-92d2-76a6cdcad492","7db935a3-9adc-492e-8c0d-39a483f3f13c","3f324208-e673-454a-a1d0-e1e1cde8a174",true,,,2024-12-23T01:53:40Z,2024-12-23T01:53:40Z,"0807be68-01fb-4267-b518-9d8256bf305c"
"6fc49217-d42b-4417-aa7f-a44f7f000eed","1eb094f0-89c4-475b-bd7f-80c69e3cd916","5edc4d6d-bf39-4b8b-8c2f-1514e5012815",true,,,2024-12-15T18:05:18Z,2024-12-15T18:05:18Z,"6f06c29d-1061-4f7e-8738-b352aaabf5f7"
"7047f8dc-4a47-4fa8-805b-a8accf8e9479","f2e90052-5346-44ca-96a1-14855aa6011d","3f324208-e673-454a-a1d0-e1e1cde8a174",true,5,,2024-12-08T01:46:08Z,2024-12-11T23:19:50Z,"cf7a3772-6c8b-4551-8f13-3677ab83986b"
"707559c0-f7c3-4883-8554-06cf6e267c29","7db935a3-9adc-492e-8c0d-39a483f3f13c","54b8eaae-dd0b-40ac-84d3-a9f2bdb22b45",true,,,2024-12-23T01:53:40Z,2024-12-23T01:53:40Z,"0807be68-01fb-4267-b518-9d8256bf305c"
"708512f3-8d11-41a2-a470-5750a2c73a65","1eb094f0-89c4-475b-bd7f-80c69e3cd916","9f4eda61-b862-4b60-9b39-cb1239d740df",true,,,2024-12-15T18:05:18Z,2024-12-15T18:05:18Z,"6f06c29d-1061-4f7e-8738-b352aaabf5f7"
"70e2bf43-47b7-4b48-b742-e1724bfdf944","1eb094f0-89c4-475b-bd7f-80c69e3cd916","205a886c-825f-4f7a-9d37-6f3bf5416944",true,,,2024-12-15T18:05:18Z,2024-12-15T18:05:18Z,"6f06c29d-1061-4f7e-8738-b352aaabf5f7"
"7226cf3e-6154-433b-bace-e8440a069aa9","f2e90052-5346-44ca-96a1-14855aa6011d","711e92fd-a35c-498a-b8ed-eeb4d0123189",true,5,,2024-12-08T01:46:08Z,2024-12-11T23:20:49Z,"cf7a3772-6c8b-4551-8f13-3677ab83986b"
"72a2c0c0-a1a1-4177-968f-406a43c7a345","0bef70c1-193b-4494-a9a0-5c3bf9c222d1","d0332145-74d1-440c-9646-b14f2f9ee203",true,5,,2024-12-08T01:45:51Z,2024-12-11T04:39:27Z,"cf7a3772-6c8b-4551-8f13-3677ab83986b"
"72a3cfba-d803-4609-81fa-af1349036e2e","1eb094f0-89c4-475b-bd7f-80c69e3cd916","36db4565-d175-4450-a87f-6c69d32b74a7",true,,,2024-12-15T18:05:18Z,2024-12-15T18:05:18Z,"6f06c29d-1061-4f7e-8738-b352aaabf5f7"
"72f1cf00-df31-4c89-b4ff-cbd0413ebd06","458515e7-1bc5-4ce8-b3b5-3484689949d2","cc7b4970-4772-4448-bd1e-7c58ffec9853",true,5,,2024-12-15T04:20:13Z,2024-12-23T01:39:16Z,"cf7a3772-6c8b-4551-8f13-3677ab83986b"
"72ff8a22-9c65-40ff-9992-bf845b54d63a","f2e90052-5346-44ca-96a1-14855aa6011d","7197122c-b22f-4b60-9f62-a7c924a66eb9",true,3,,2024-12-08T01:46:08Z,2024-12-23T01:34:24Z,"cf7a3772-6c8b-4551-8f13-3677ab83986b"
"7416dc75-4cdb-4da4-835e-dfca8776de58","1eb094f0-89c4-475b-bd7f-80c69e3cd916","35ef65a6-2801-4155-ad71-7945ac438555",true,,,2024-12-15T18:05:18Z,2024-12-15T18:05:18Z,"6f06c29d-1061-4f7e-8738-b352aaabf5f7"
"751dfd9d-08d4-417b-972b-167636efd054","7db935a3-9adc-492e-8c0d-39a483f3f13c","72d81e24-fd94-4625-b121-8318ceeb7fa0",true,,,2024-12-23T01:53:40Z,2024-12-23T01:53:40Z,"0807be68-01fb-4267-b518-9d8256bf305c"
"75ebbca7-eee7-4232-96d3-4de28826e603","7db935a3-9adc-492e-8c0d-39a483f3f13c","d00d3cf8-90eb-4c33-a348-4bc0d90646b1",true,,,2024-12-23T01:53:40Z,2024-12-23T01:53:40Z,"0807be68-01fb-4267-b518-9d8256bf305c"
"76a1d2b7-b996-4c93-b9a9-1a2c783f4b98","0d8ab735-6fb0-4962-93ff-24ff929bd80b","173322e0-c1b0-4f69-bd38-2467734a3544",true,1,,2024-12-05T03:15:10Z,2024-12-05T03:15:28Z,"a99c0fb9-f2ba-4022-a06f-fdbcb3a808ea"
"76dbe1b4-535f-42bf-92af-def6867fb93a","0bef70c1-193b-4494-a9a0-5c3bf9c222d1","65c1f478-b205-4ea0-8c1b-bae1e5671357",false,,,2024-12-08T01:45:51Z,2024-12-11T04:49:03Z,"cf7a3772-6c8b-4551-8f13-3677ab83986b"
"771de4e1-e165-4d32-9bb4-8c299acaa075","1eb094f0-89c4-475b-bd7f-80c69e3cd916","f7e68715-897f-4463-a57f-ae031e2555d8",true,,,2024-12-15T18:05:18Z,2024-12-15T18:05:18Z,"6f06c29d-1061-4f7e-8738-b352aaabf5f7"
"7731e080-4606-43c1-a609-b6b2ac05e22c","b42dde42-efb7-4cf8-b9d3-bbf2c37f8abb","e7684e3e-ebcb-4b77-8d10-6549c3694244",true,,,2024-12-23T01:53:56Z,2024-12-23T01:53:56Z,"0807be68-01fb-4267-b518-9d8256bf305c"
"7755c0cf-2bfc-4695-a7a7-131c656f38e0","7db935a3-9adc-492e-8c0d-39a483f3f13c","d0332145-74d1-440c-9646-b14f2f9ee203",true,,,2024-12-23T01:53:41Z,2024-12-23T01:53:41Z,"0807be68-01fb-4267-b518-9d8256bf305c"
"77a676fa-4c18-4ab2-93d2-fb8e94eccfa0","b42dde42-efb7-4cf8-b9d3-bbf2c37f8abb","6a000ebe-6d17-4420-b4ff-db71093fd4ea",true,,,2024-12-23T01:53:56Z,2024-12-23T01:53:56Z,"0807be68-01fb-4267-b518-9d8256bf305c"
"7933b4c4-0974-48cb-80cc-c8ead3ed1a20","7db935a3-9adc-492e-8c0d-39a483f3f13c","205a886c-825f-4f7a-9d37-6f3bf5416944",true,,,2024-12-23T01:53:41Z,2024-12-23T01:53:41Z,"0807be68-01fb-4267-b518-9d8256bf305c"
"79952d20-7c66-435e-b34e-59fcb7ebdb78","b42dde42-efb7-4cf8-b9d3-bbf2c37f8abb","d0332145-74d1-440c-9646-b14f2f9ee203",true,5,,2024-12-23T01:53:56Z,2024-12-23T02:00:16Z,"0807be68-01fb-4267-b518-9d8256bf305c"
"79a81794-5024-46b2-9b9d-96f46f032331","0bef70c1-193b-4494-a9a0-5c3bf9c222d1","5edc4d6d-bf39-4b8b-8c2f-1514e5012815",true,1,,2024-12-08T01:45:51Z,2024-12-23T01:39:49Z,"cf7a3772-6c8b-4551-8f13-3677ab83986b"
"79e4afa7-fc1c-400b-9015-6bd5c7fae818","b42dde42-efb7-4cf8-b9d3-bbf2c37f8abb","d893a8c7-3990-4d0b-ab44-2d0b8acf8260",true,,,2024-12-23T01:53:56Z,2024-12-23T01:53:56Z,"0807be68-01fb-4267-b518-9d8256bf305c"
"7acf7ffe-3fd9-4ded-9b68-3726021e8fde","b42dde42-efb7-4cf8-b9d3-bbf2c37f8abb","b18374ba-538e-49a8-ad0d-445d4ff48b2e",true,,,2024-12-23T01:53:56Z,2024-12-23T01:53:56Z,"0807be68-01fb-4267-b518-9d8256bf305c"
"7ae76dd3-9a30-4345-9ac1-026bbb78e26f","c4f8698a-7308-40f5-9ecb-4f9e7ffa69fb","d0332145-74d1-440c-9646-b14f2f9ee203",true,5,,2024-12-08T01:46:28Z,2024-12-11T04:38:12Z,"cf7a3772-6c8b-4551-8f13-3677ab83986b"
"7b465e4e-683f-4b22-934c-7544423b20dc","b42dde42-efb7-4cf8-b9d3-bbf2c37f8abb","54b8eaae-dd0b-40ac-84d3-a9f2bdb22b45",true,,,2024-12-23T01:53:56Z,2024-12-23T01:53:56Z,"0807be68-01fb-4267-b518-9d8256bf305c"
"7c3d5d5d-1450-4461-86d6-9fd561324754","7db935a3-9adc-492e-8c0d-39a483f3f13c","a7b36232-227c-4e2a-8e00-982d97698719",true,,,2024-12-23T01:53:40Z,2024-12-23T01:53:40Z,"0807be68-01fb-4267-b518-9d8256bf305c"
"7cefa7bf-1e37-48d0-aed2-59d69d6cae22","f2e90052-5346-44ca-96a1-14855aa6011d","72136062-7651-4ee8-8cea-2fddc0d0238d",true,5,,2024-12-08T01:46:08Z,2024-12-11T23:20:54Z,"cf7a3772-6c8b-4551-8f13-3677ab83986b"
"7d1b9ea3-b5a4-475b-b2e1-d2c504418e06","0bef70c1-193b-4494-a9a0-5c3bf9c222d1","5b0ac15a-1d22-4ec8-a0b4-fca73dacbc8d",true,1,,2024-12-08T01:45:51Z,2024-12-11T04:48:39Z,"cf7a3772-6c8b-4551-8f13-3677ab83986b"
"7db6d091-24cb-4acb-8798-2b299f81c4b9","f2e90052-5346-44ca-96a1-14855aa6011d","a0d218a2-81e6-40c1-87ab-a9cf68538938",true,1,,2024-12-08T01:46:08Z,2024-12-23T01:35:17Z,"cf7a3772-6c8b-4551-8f13-3677ab83986b"
"7e24ecc1-afcc-42b1-8f3e-371309e5bef0","0bef70c1-193b-4494-a9a0-5c3bf9c222d1","e20111ba-167d-493b-a0cc-163705a555ee",true,2,,2024-12-08T01:45:51Z,2024-12-11T04:42:49Z,"cf7a3772-6c8b-4551-8f13-3677ab83986b"
"7e836f71-7765-4da8-bace-92d220e8f0a1","c4f8698a-7308-40f5-9ecb-4f9e7ffa69fb","62187efc-c935-4e0b-8a8a-1961a34eaa62",true,2,,2024-12-08T01:46:28Z,2024-12-23T01:33:57Z,"cf7a3772-6c8b-4551-8f13-3677ab83986b"
"7eabbd85-bacc-40cc-ac59-9b4369167c73","0bef70c1-193b-4494-a9a0-5c3bf9c222d1","d00d3cf8-90eb-4c33-a348-4bc0d90646b1",true,5,,2024-12-08T01:45:51Z,2024-12-11T04:52:19Z,"cf7a3772-6c8b-4551-8f13-3677ab83986b"
"7ed79cba-564e-4384-bfb8-7d3cbb398821","c4f8698a-7308-40f5-9ecb-4f9e7ffa69fb","72136062-7651-4ee8-8cea-2fddc0d0238d",true,5,,2024-12-08T01:46:28Z,2024-12-23T01:41:01Z,"cf7a3772-6c8b-4551-8f13-3677ab83986b"
"7ee3e84d-006f-4906-9fed-d9ee260b1372","b42dde42-efb7-4cf8-b9d3-bbf2c37f8abb","8002adcc-e31b-4e51-8050-422ac6ef3598",true,,,2024-12-23T01:53:56Z,2024-12-23T01:53:56Z,"0807be68-01fb-4267-b518-9d8256bf305c"
"7f1948f8-7325-49dc-857a-dbd566105e22","b42dde42-efb7-4cf8-b9d3-bbf2c37f8abb","d7ee0e76-ac79-4a51-a965-f85afeb22f25",true,,,2024-12-23T01:53:56Z,2024-12-23T01:53:56Z,"0807be68-01fb-4267-b518-9d8256bf305c"
"7fbab821-7828-4acd-87e9-39485d67fece","7db935a3-9adc-492e-8c0d-39a483f3f13c","6b080656-4d1e-4d54-8df2-380049556f44",true,,,2024-12-23T01:53:40Z,2024-12-23T01:53:40Z,"0807be68-01fb-4267-b518-9d8256bf305c"
"814733aa-05f5-4fb0-b43e-7f6d4d391727","458515e7-1bc5-4ce8-b3b5-3484689949d2","205a886c-825f-4f7a-9d37-6f3bf5416944",true,4,,2024-12-15T04:20:13Z,2024-12-23T01:39:36Z,"cf7a3772-6c8b-4551-8f13-3677ab83986b"
"827297af-7b21-4f28-ac4e-a09e37999acb","f2e90052-5346-44ca-96a1-14855aa6011d","15b6c233-8f71-417f-a504-8fea77b90acf",true,1,,2024-12-08T01:46:08Z,2024-12-11T04:39:42Z,"cf7a3772-6c8b-4551-8f13-3677ab83986b"
"8276dc28-f7f6-4c8b-9ab2-1fdab44bfa99","0bef70c1-193b-4494-a9a0-5c3bf9c222d1","9a80545e-c3ed-420c-aa9b-f5d32d9d3bc0",true,3,,2024-12-08T01:45:51Z,2024-12-23T01:34:37Z,"cf7a3772-6c8b-4551-8f13-3677ab83986b"
"8397db11-810a-448d-bdf8-47a0272c9a60","1eb094f0-89c4-475b-bd7f-80c69e3cd916","1c31479a-79b0-4510-b4f5-838f13dbf049",true,,,2024-12-15T18:05:18Z,2024-12-15T18:05:18Z,"6f06c29d-1061-4f7e-8738-b352aaabf5f7"
"845b0ada-f576-437d-81c0-4ad0243c8bfe","1eb094f0-89c4-475b-bd7f-80c69e3cd916","72136062-7651-4ee8-8cea-2fddc0d0238d",true,,,2024-12-15T18:05:18Z,2024-12-15T18:05:18Z,"6f06c29d-1061-4f7e-8738-b352aaabf5f7"
"848ed38b-1e7e-4264-bed4-eb589657205b","c4f8698a-7308-40f5-9ecb-4f9e7ffa69fb","6a000ebe-6d17-4420-b4ff-db71093fd4ea",true,3,,2024-12-08T01:46:28Z,2024-12-23T01:39:55Z,"cf7a3772-6c8b-4551-8f13-3677ab83986b"
"865a55ab-d4f5-4947-96e5-563d92481f81","458515e7-1bc5-4ce8-b3b5-3484689949d2","c07915cf-329f-4b13-9b63-c6347a06350b",true,3,,2024-12-15T04:20:13Z,2024-12-23T01:41:30Z,"cf7a3772-6c8b-4551-8f13-3677ab83986b"
"86a9efc7-2cc5-4d60-b674-a94a3f60625a","458515e7-1bc5-4ce8-b3b5-3484689949d2","f0c5ec33-cc23-46ec-84ba-9f29c68b1d03",true,4,,2024-12-15T04:20:13Z,2024-12-22T16:48:09Z,"cf7a3772-6c8b-4551-8f13-3677ab83986b"
"86fbbf8a-b7d6-4129-a800-756565e909e8","f2e90052-5346-44ca-96a1-14855aa6011d","b4cfacfb-b15c-422e-b8a1-792a51bd5cbd",true,3,,2024-12-08T01:46:08Z,2024-12-23T01:36:02Z,"cf7a3772-6c8b-4551-8f13-3677ab83986b"
"8706f53b-02f2-4223-a655-67c269ecacfc","458515e7-1bc5-4ce8-b3b5-3484689949d2","010fe3a6-836b-4891-acb1-5ab4ed01a9ce",true,5,,2024-12-15T04:20:13Z,2024-12-23T01:36:42Z,"cf7a3772-6c8b-4551-8f13-3677ab83986b"
"8725bc55-1daf-44e9-a6b5-5d2db4490f89","1eb094f0-89c4-475b-bd7f-80c69e3cd916","54b8eaae-dd0b-40ac-84d3-a9f2bdb22b45",true,,,2024-12-15T18:05:18Z,2024-12-15T18:05:18Z,"6f06c29d-1061-4f7e-8738-b352aaabf5f7"
"87cc0be0-2cec-4fdb-85b1-fc83c3673d86","b42dde42-efb7-4cf8-b9d3-bbf2c37f8abb","e48546a6-234f-45e0-9ed6-b931c9815362",false,,,2024-12-23T01:53:56Z,2024-12-23T01:53:56Z,"0807be68-01fb-4267-b518-9d8256bf305c"
"88da6821-ed54-4c52-ad8a-3e66c8544d5c","458515e7-1bc5-4ce8-b3b5-3484689949d2","6a000ebe-6d17-4420-b4ff-db71093fd4ea",true,4,,2024-12-15T04:20:13Z,2024-12-23T01:39:58Z,"cf7a3772-6c8b-4551-8f13-3677ab83986b"
"89833e0c-cdc8-413a-b821-43ae94517339","1eb094f0-89c4-475b-bd7f-80c69e3cd916","03f64121-4562-4c3e-bc03-5d91fb88f00b",true,,,2024-12-15T18:05:18Z,2024-12-15T18:05:18Z,"6f06c29d-1061-4f7e-8738-b352aaabf5f7"
"8a3ad8a5-98c7-42a7-95ef-924a91c9217c","0bef70c1-193b-4494-a9a0-5c3bf9c222d1","cf462e27-f8fd-42c3-ba35-441745eb11e8",false,,,2024-12-08T01:45:51Z,2024-12-11T04:52:14Z,"cf7a3772-6c8b-4551-8f13-3677ab83986b"
"8aaecdb3-4c82-4237-aa45-4a002acf12ec","7db935a3-9adc-492e-8c0d-39a483f3f13c","39c1f9cb-7538-40f3-a210-2070098e0880",true,,,2024-12-23T01:53:40Z,2024-12-23T01:53:40Z,"0807be68-01fb-4267-b518-9d8256bf305c"
"8abcccd6-0253-42de-9dc5-4c790188a994","b42dde42-efb7-4cf8-b9d3-bbf2c37f8abb","8fea43bf-bb66-40ae-a33b-c6659df1df85",true,,,2024-12-23T01:53:56Z,2024-12-23T01:53:56Z,"0807be68-01fb-4267-b518-9d8256bf305c"
"8b4cb0d4-a7db-4256-97e3-e61267b116da","c4f8698a-7308-40f5-9ecb-4f9e7ffa69fb","d7ee0e76-ac79-4a51-a965-f85afeb22f25",true,5,,2024-12-08T01:46:28Z,2024-12-11T04:38:12Z,"cf7a3772-6c8b-4551-8f13-3677ab83986b"
"8b911e66-10d1-465d-87e2-2522c3eaad7d","f2e90052-5346-44ca-96a1-14855aa6011d","d0332145-74d1-440c-9646-b14f2f9ee203",true,5,,2024-12-08T01:46:08Z,2024-12-11T04:39:42Z,"cf7a3772-6c8b-4551-8f13-3677ab83986b"
"8b953c9e-7b94-45e5-b22a-f6e40fc3bcb2","b42dde42-efb7-4cf8-b9d3-bbf2c37f8abb","c720100f-cac2-42f8-ba77-58ffd2743835",true,,,2024-12-23T01:53:56Z,2024-12-23T01:53:56Z,"0807be68-01fb-4267-b518-9d8256bf305c"
"8b9e3915-8be5-402c-b839-0b7438c47a71","f2e90052-5346-44ca-96a1-14855aa6011d","e48546a6-234f-45e0-9ed6-b931c9815362",true,5,,2024-12-08T01:46:08Z,2024-12-11T04:39:42Z,"cf7a3772-6c8b-4551-8f13-3677ab83986b"
"8bd0bb3c-154b-40a8-9db7-e91c033b8217","7db935a3-9adc-492e-8c0d-39a483f3f13c","d7ee0e76-ac79-4a51-a965-f85afeb22f25",true,,,2024-12-23T01:53:41Z,2024-12-23T01:53:41Z,"0807be68-01fb-4267-b518-9d8256bf305c"
"8bec117b-87cc-4da8-afde-cf316801b249","0bef70c1-193b-4494-a9a0-5c3bf9c222d1","711e92fd-a35c-498a-b8ed-eeb4d0123189",true,5,,2024-12-08T01:45:51Z,2024-12-11T04:49:16Z,"cf7a3772-6c8b-4551-8f13-3677ab83986b"
"8c13cec9-e85b-4188-921f-e047e49622f5","0bef70c1-193b-4494-a9a0-5c3bf9c222d1","e5a5bd49-dd60-4735-961b-c0375a762280",true,3,,2024-12-08T01:45:51Z,2024-12-11T04:43:26Z,"cf7a3772-6c8b-4551-8f13-3677ab83986b"
"8d237ae8-da81-48ec-b8b3-e4523cb450b4","7db935a3-9adc-492e-8c0d-39a483f3f13c","e7684e3e-ebcb-4b77-8d10-6549c3694244",true,,,2024-12-23T01:53:41Z,2024-12-23T01:53:41Z,"0807be68-01fb-4267-b518-9d8256bf305c"
"8d4945b3-ce2c-4f0c-8ffa-a5bc430c12b6","c4f8698a-7308-40f5-9ecb-4f9e7ffa69fb","a7b36232-227c-4e2a-8e00-982d97698719",true,3,,2024-12-08T01:46:28Z,2024-12-23T01:38:59Z,"cf7a3772-6c8b-4551-8f13-3677ab83986b"
"8e1b2cf3-2f29-45e2-8227-531a7223800b","458515e7-1bc5-4ce8-b3b5-3484689949d2","5df71217-b707-4bbd-ad5a-8a6dbb70b916",true,3,,2024-12-15T04:20:13Z,2024-12-23T01:39:44Z,"cf7a3772-6c8b-4551-8f13-3677ab83986b"
"8e265d14-e882-475b-93cb-65cc4694ba5c","7db935a3-9adc-492e-8c0d-39a483f3f13c","0ba378d6-fc4b-4842-83df-e5ace9a9b90c",true,,,2024-12-23T01:53:41Z,2024-12-23T01:53:41Z,"0807be68-01fb-4267-b518-9d8256bf305c"
"8edf4de7-7181-47c8-8d11-1e11f8f4587d","b42dde42-efb7-4cf8-b9d3-bbf2c37f8abb","39c1f9cb-7538-40f3-a210-2070098e0880",true,,,2024-12-23T01:53:56Z,2024-12-23T01:53:56Z,"0807be68-01fb-4267-b518-9d8256bf305c"
"9048e7b8-7f5b-411d-8b17-09b995126349","1eb094f0-89c4-475b-bd7f-80c69e3cd916","aca12467-e642-49b7-8012-a19e5ddf1d45",true,,,2024-12-15T18:05:18Z,2024-12-15T18:05:18Z,"6f06c29d-1061-4f7e-8738-b352aaabf5f7"
"90573200-23c2-45c0-b58c-7011f8deb7fc","f2e90052-5346-44ca-96a1-14855aa6011d","dc4d5ba1-9391-4e84-ac28-749802823b8d",true,1,,2024-12-08T01:46:08Z,2024-12-11T23:16:35Z,"cf7a3772-6c8b-4551-8f13-3677ab83986b"
"90d67da9-be55-4328-8167-a574ff61c14a","7db935a3-9adc-492e-8c0d-39a483f3f13c","b4cfacfb-b15c-422e-b8a1-792a51bd5cbd",true,,,2024-12-23T01:53:40Z,2024-12-23T01:53:40Z,"0807be68-01fb-4267-b518-9d8256bf305c"
"915260f1-f715-48ea-a175-c755c5f389a7","7db935a3-9adc-492e-8c0d-39a483f3f13c","65c1f478-b205-4ea0-8c1b-bae1e5671357",true,,,2024-12-23T01:53:40Z,2024-12-23T01:53:40Z,"0807be68-01fb-4267-b518-9d8256bf305c"
"91cebb0e-67ec-4b8d-b2f9-b74ad5669b8e","c4f8698a-7308-40f5-9ecb-4f9e7ffa69fb","d893a8c7-3990-4d0b-ab44-2d0b8acf8260",true,4,,2024-12-08T01:46:28Z,2024-12-11T04:38:12Z,"cf7a3772-6c8b-4551-8f13-3677ab83986b"
"9227eda4-39e6-4d64-b00e-2c01e091f2c4","1eb094f0-89c4-475b-bd7f-80c69e3cd916","b4cfacfb-b15c-422e-b8a1-792a51bd5cbd",true,,,2024-12-15T18:05:18Z,2024-12-15T18:05:18Z,"6f06c29d-1061-4f7e-8738-b352aaabf5f7"
"923a5939-e12b-4e83-a05a-9e1ff8bce9f9","7db935a3-9adc-492e-8c0d-39a483f3f13c","333c2ab2-1831-4f09-8755-502e8d61b345",true,,,2024-12-23T01:53:40Z,2024-12-23T01:53:40Z,"0807be68-01fb-4267-b518-9d8256bf305c"
"92c27bb6-74f2-4179-9d6a-84b8c90fedf9","458515e7-1bc5-4ce8-b3b5-3484689949d2","0ba378d6-fc4b-4842-83df-e5ace9a9b90c",true,2,,2024-12-15T04:20:13Z,2024-12-23T01:40:52Z,"cf7a3772-6c8b-4551-8f13-3677ab83986b"
"92c2be7c-eab7-439f-b335-0eb57f4c829f","f2e90052-5346-44ca-96a1-14855aa6011d","32b03f6a-aa7b-4918-beab-bdb559468aa7",true,4,,2024-12-08T01:46:08Z,2024-12-11T23:18:53Z,"cf7a3772-6c8b-4551-8f13-3677ab83986b"
"92f94462-69ec-4624-96ce-e4732e413b53","0bef70c1-193b-4494-a9a0-5c3bf9c222d1","cc7b4970-4772-4448-bd1e-7c58ffec9853",true,3,,2024-12-08T01:45:51Z,2024-12-11T04:52:07Z,"cf7a3772-6c8b-4551-8f13-3677ab83986b"
"93d97edf-fd25-4132-ad7d-358940173ef6","0bef70c1-193b-4494-a9a0-5c3bf9c222d1","fd229249-a1af-4858-8393-65ccf4e95f85",true,1,,2024-12-08T01:45:51Z,2024-12-11T04:39:27Z,"cf7a3772-6c8b-4551-8f13-3677ab83986b"
"941f6983-a2d3-4e5b-99e3-3e69dd7bef72","0bef70c1-193b-4494-a9a0-5c3bf9c222d1","15b6c233-8f71-417f-a504-8fea77b90acf",true,1,,2024-12-08T01:45:51Z,2024-12-11T04:46:42Z,"cf7a3772-6c8b-4551-8f13-3677ab83986b"
"942040a6-0188-4f46-b1db-b03734db06b7","c4f8698a-7308-40f5-9ecb-4f9e7ffa69fb","7b0ac2dd-dc3a-4c7f-a737-3d11d94bb886",true,4,,2024-12-08T01:46:28Z,2024-12-23T01:37:37Z,"cf7a3772-6c8b-4551-8f13-3677ab83986b"
"95308f8d-c983-42ce-867d-c331d4f9c77b","0bef70c1-193b-4494-a9a0-5c3bf9c222d1","5df71217-b707-4bbd-ad5a-8a6dbb70b916",true,3,,2024-12-08T01:45:51Z,2024-12-11T04:48:50Z,"cf7a3772-6c8b-4551-8f13-3677ab83986b"
"9610126f-13ab-4ff4-82fb-7366712761d0","f2e90052-5346-44ca-96a1-14855aa6011d","03f64121-4562-4c3e-bc03-5d91fb88f00b",true,2,,2024-12-08T01:46:08Z,2024-12-11T23:18:08Z,"cf7a3772-6c8b-4551-8f13-3677ab83986b"
"96a22566-fa94-4f8e-b2b2-7b6c64e60a90","458515e7-1bc5-4ce8-b3b5-3484689949d2","c720100f-cac2-42f8-ba77-58ffd2743835",true,5,,2024-12-15T04:20:13Z,2024-12-23T01:41:33Z,"cf7a3772-6c8b-4551-8f13-3677ab83986b"
"97fae867-42ea-49b9-b297-b1d7bbfbba31","458515e7-1bc5-4ce8-b3b5-3484689949d2","e7684e3e-ebcb-4b77-8d10-6549c3694244",true,5,,2024-12-15T04:20:13Z,2024-12-22T16:47:54Z,"cf7a3772-6c8b-4551-8f13-3677ab83986b"
"99b278c4-7c34-4bf1-87a2-62b958c0454a","c4f8698a-7308-40f5-9ecb-4f9e7ffa69fb","173322e0-c1b0-4f69-bd38-2467734a3544",true,5,,2024-12-08T01:46:28Z,2024-12-23T01:46:26Z,"cf7a3772-6c8b-4551-8f13-3677ab83986b"
"99ba6776-f006-4eff-bf79-57b3ccebbba8","c4f8698a-7308-40f5-9ecb-4f9e7ffa69fb","d00d3cf8-90eb-4c33-a348-4bc0d90646b1",true,5,,2024-12-08T01:46:28Z,2024-12-23T01:36:21Z,"cf7a3772-6c8b-4551-8f13-3677ab83986b"
"9aef73b2-9aaa-4dff-83bc-5cf453a631fa","0bef70c1-193b-4494-a9a0-5c3bf9c222d1","004e5f75-de06-4713-a321-709fdab70bc0",true,5,,2024-12-08T01:45:51Z,2024-12-11T04:39:27Z,"cf7a3772-6c8b-4551-8f13-3677ab83986b"
"9b3b1b7d-304b-41d5-881e-0969c57d23ec","1eb094f0-89c4-475b-bd7f-80c69e3cd916","b31d5f32-e952-4c8a-a612-bbd3797a4a91",true,,,2024-12-15T18:05:18Z,2024-12-15T18:05:18Z,"6f06c29d-1061-4f7e-8738-b352aaabf5f7"
"9c1447b3-f60f-4180-b45b-3c65553c2a3f","1eb094f0-89c4-475b-bd7f-80c69e3cd916","6b080656-4d1e-4d54-8df2-380049556f44",true,,,2024-12-15T18:05:18Z,2024-12-15T18:05:18Z,"6f06c29d-1061-4f7e-8738-b352aaabf5f7"
"9c27fae4-3f4c-4a6a-9503-7b6bc956e58c","b42dde42-efb7-4cf8-b9d3-bbf2c37f8abb","87edb4cc-146c-41d4-9f1b-9dec6a7d7900",true,,,2024-12-23T01:53:56Z,2024-12-23T01:53:56Z,"0807be68-01fb-4267-b518-9d8256bf305c"
"9caa80c8-943a-4241-9f4d-9066c0a63363","0bef70c1-193b-4494-a9a0-5c3bf9c222d1","e7684e3e-ebcb-4b77-8d10-6549c3694244",true,3,,2024-12-08T01:45:51Z,2024-12-11T04:43:38Z,"cf7a3772-6c8b-4551-8f13-3677ab83986b"
"9d6bc4d6-e2a3-4bb7-a6f2-259f740fcc38","f2e90052-5346-44ca-96a1-14855aa6011d","c07915cf-329f-4b13-9b63-c6347a06350b",true,2,,2024-12-08T01:46:08Z,2024-12-23T01:41:32Z,"cf7a3772-6c8b-4551-8f13-3677ab83986b"
"9e4d4fdb-0711-459e-ab1c-f60172de5b9d","0bef70c1-193b-4494-a9a0-5c3bf9c222d1","21199dfc-2037-4846-b7bc-0ed771a268ac",true,1,,2024-12-08T01:45:51Z,2024-12-11T04:46:07Z,"cf7a3772-6c8b-4551-8f13-3677ab83986b"
"a0b9e527-954d-4260-806a-591b9bc426cb","1eb094f0-89c4-475b-bd7f-80c69e3cd916","c720100f-cac2-42f8-ba77-58ffd2743835",true,,,2024-12-15T18:05:18Z,2024-12-15T18:05:18Z,"6f06c29d-1061-4f7e-8738-b352aaabf5f7"
"a1746690-5908-406a-a224-0898261b9e3d","7db935a3-9adc-492e-8c0d-39a483f3f13c","c720100f-cac2-42f8-ba77-58ffd2743835",true,,,2024-12-23T01:53:40Z,2024-12-23T01:53:40Z,"0807be68-01fb-4267-b518-9d8256bf305c"
"a1f7df74-5153-475e-bdde-910199256a30","1eb094f0-89c4-475b-bd7f-80c69e3cd916","dc4d5ba1-9391-4e84-ac28-749802823b8d",true,,,2024-12-15T18:05:18Z,2024-12-15T18:05:18Z,"6f06c29d-1061-4f7e-8738-b352aaabf5f7"
"a240154b-4245-4aef-a0bc-09af3b710680","c4f8698a-7308-40f5-9ecb-4f9e7ffa69fb","e7684e3e-ebcb-4b77-8d10-6549c3694244",true,5,,2024-12-08T01:46:28Z,2024-12-11T04:38:12Z,"cf7a3772-6c8b-4551-8f13-3677ab83986b"
"a29cb66f-de94-485e-9097-ac709d488b57","458515e7-1bc5-4ce8-b3b5-3484689949d2","36db4565-d175-4450-a87f-6c69d32b74a7",true,5,,2024-12-15T04:20:13Z,2024-12-23T01:39:39Z,"cf7a3772-6c8b-4551-8f13-3677ab83986b"
"a2d92b46-0e2d-494d-80e3-5210be07472c","c4f8698a-7308-40f5-9ecb-4f9e7ffa69fb","f7e68715-897f-4463-a57f-ae031e2555d8",true,5,,2024-12-08T01:46:28Z,2024-12-11T04:38:12Z,"cf7a3772-6c8b-4551-8f13-3677ab83986b"
"a30c6cb0-7bfe-4325-950f-8c60a7937d54","458515e7-1bc5-4ce8-b3b5-3484689949d2","b3e96cd4-d115-4fb1-9a9c-4e4ef0ffe4a5",true,5,,2024-12-15T04:20:13Z,2024-12-23T01:35:56Z,"cf7a3772-6c8b-4551-8f13-3677ab83986b"
"a335a87b-dc8b-4887-9514-a806f617ddd6","0bef70c1-193b-4494-a9a0-5c3bf9c222d1","b18374ba-538e-49a8-ad0d-445d4ff48b2e",true,3,,2024-12-08T01:45:51Z,2024-12-11T04:51:33Z,"cf7a3772-6c8b-4551-8f13-3677ab83986b"
"a33c4cbd-322d-446f-a552-66405e2ff696","7db935a3-9adc-492e-8c0d-39a483f3f13c","004e5f75-de06-4713-a321-709fdab70bc0",true,,,2024-12-23T01:53:41Z,2024-12-23T01:53:41Z,"0807be68-01fb-4267-b518-9d8256bf305c"
"a3e20cf8-9865-4d98-8fff-cc401b3796a8","1eb094f0-89c4-475b-bd7f-80c69e3cd916","e5a5bd49-dd60-4735-961b-c0375a762280",true,,,2024-12-15T18:05:18Z,2024-12-15T18:05:18Z,"6f06c29d-1061-4f7e-8738-b352aaabf5f7"
"a3f93f81-56d3-4c87-af2e-9606ec090818","458515e7-1bc5-4ce8-b3b5-3484689949d2","5edc4d6d-bf39-4b8b-8c2f-1514e5012815",true,1,,2024-12-15T04:20:13Z,2024-12-23T01:39:52Z,"cf7a3772-6c8b-4551-8f13-3677ab83986b"
"a43082d2-6be6-4f43-9610-642408f5a63b","458515e7-1bc5-4ce8-b3b5-3484689949d2","03f64121-4562-4c3e-bc03-5d91fb88f00b",true,5,,2024-12-15T04:20:13Z,2024-12-23T01:40:52Z,"cf7a3772-6c8b-4551-8f13-3677ab83986b"
"a43f9e8b-d84a-4657-a919-922e5d54ba67","7db935a3-9adc-492e-8c0d-39a483f3f13c","b31d5f32-e952-4c8a-a612-bbd3797a4a91",true,,,2024-12-23T01:53:40Z,2024-12-23T01:53:40Z,"0807be68-01fb-4267-b518-9d8256bf305c"
"a4b24bdb-a62d-466d-bc0a-2ba60c1ed3a0","458515e7-1bc5-4ce8-b3b5-3484689949d2","711e92fd-a35c-498a-b8ed-eeb4d0123189",true,5,,2024-12-15T04:20:13Z,2024-12-23T01:34:13Z,"cf7a3772-6c8b-4551-8f13-3677ab83986b"
"a686edde-c451-4f36-9ada-56b46e4446cb","0bef70c1-193b-4494-a9a0-5c3bf9c222d1","3f324208-e673-454a-a1d0-e1e1cde8a174",true,5,,2024-12-08T01:45:51Z,2024-12-11T04:48:19Z,"cf7a3772-6c8b-4551-8f13-3677ab83986b"
"a991094b-ce6b-4510-b7a4-8f740a446ee9","c4f8698a-7308-40f5-9ecb-4f9e7ffa69fb","39c1f9cb-7538-40f3-a210-2070098e0880",true,5,,2024-12-08T01:46:28Z,2024-12-11T04:47:21Z,"cf7a3772-6c8b-4551-8f13-3677ab83986b"
"a9fac2fc-6225-4c3e-bbdf-4c00f2d2d2af","f2e90052-5346-44ca-96a1-14855aa6011d","e7684e3e-ebcb-4b77-8d10-6549c3694244",true,4,,2024-12-08T01:46:08Z,2024-12-11T23:17:33Z,"cf7a3772-6c8b-4551-8f13-3677ab83986b"
"ab174b84-4884-4862-827c-278dabf0385e","0bef70c1-193b-4494-a9a0-5c3bf9c222d1","d7ee0e76-ac79-4a51-a965-f85afeb22f25",true,4,,2024-12-08T01:45:51Z,2024-12-11T04:39:27Z,"cf7a3772-6c8b-4551-8f13-3677ab83986b"
"ab7c9b14-ecaa-4d84-ab5a-a47a88e4213a","c4f8698a-7308-40f5-9ecb-4f9e7ffa69fb","5b0ac15a-1d22-4ec8-a0b4-fca73dacbc8d",true,5,,2024-12-08T01:46:28Z,2024-12-23T01:33:46Z,"cf7a3772-6c8b-4551-8f13-3677ab83986b"
"abe793d8-1614-4cb6-a897-49e1ab96423a","1eb094f0-89c4-475b-bd7f-80c69e3cd916","7b0ac2dd-dc3a-4c7f-a737-3d11d94bb886",true,,,2024-12-15T18:05:18Z,2024-12-15T18:05:18Z,"6f06c29d-1061-4f7e-8738-b352aaabf5f7"
"abf72279-b8f1-4e95-8b81-f72cc0fa6254","c4f8698a-7308-40f5-9ecb-4f9e7ffa69fb","65c1f478-b205-4ea0-8c1b-bae1e5671357",true,3,,2024-12-08T01:46:28Z,2024-12-23T01:34:01Z,"cf7a3772-6c8b-4551-8f13-3677ab83986b"
"ac5b6c54-4909-44aa-822e-71014a7379e7","c4f8698a-7308-40f5-9ecb-4f9e7ffa69fb","c07915cf-329f-4b13-9b63-c6347a06350b",true,1,,2024-12-08T01:46:28Z,2025-01-18T16:09:32Z,"cf7a3772-6c8b-4551-8f13-3677ab83986b"
"acdde3aa-1d76-4a17-9d66-86ecb7beb09c","458515e7-1bc5-4ce8-b3b5-3484689949d2","7197122c-b22f-4b60-9f62-a7c924a66eb9",true,2,,2024-12-15T04:20:13Z,2024-12-23T01:34:20Z,"cf7a3772-6c8b-4551-8f13-3677ab83986b"
"ae6cc3e3-4b0c-4b2d-a1ac-375d6e8a6a11","f2e90052-5346-44ca-96a1-14855aa6011d","0ba378d6-fc4b-4842-83df-e5ace9a9b90c",true,2,,2024-12-08T01:46:08Z,2024-12-11T04:39:42Z,"cf7a3772-6c8b-4551-8f13-3677ab83986b"
"ae925264-06e5-4c21-a9dd-8c58d4a664cd","1eb094f0-89c4-475b-bd7f-80c69e3cd916","e48546a6-234f-45e0-9ed6-b931c9815362",true,,,2024-12-15T18:05:18Z,2024-12-15T18:05:18Z,"6f06c29d-1061-4f7e-8738-b352aaabf5f7"
"af3d5f65-f20b-4da3-a559-d8782bb5b8f0","7db935a3-9adc-492e-8c0d-39a483f3f13c","72136062-7651-4ee8-8cea-2fddc0d0238d",true,,,2024-12-23T01:53:40Z,2024-12-23T01:53:40Z,"0807be68-01fb-4267-b518-9d8256bf305c"
"afb426fe-872c-4533-84ca-e804da8e171a","7db935a3-9adc-492e-8c0d-39a483f3f13c","7197122c-b22f-4b60-9f62-a7c924a66eb9",true,,,2024-12-23T01:53:40Z,2024-12-23T01:53:40Z,"0807be68-01fb-4267-b518-9d8256bf305c"
"afdb58e4-7db6-4f6c-8bbe-e90661a678b1","1eb094f0-89c4-475b-bd7f-80c69e3cd916","d0332145-74d1-440c-9646-b14f2f9ee203",true,,,2024-12-15T18:05:18Z,2024-12-15T18:05:18Z,"6f06c29d-1061-4f7e-8738-b352aaabf5f7"
"b02c2004-7076-462b-9f32-ba6b3714c4f3","7db935a3-9adc-492e-8c0d-39a483f3f13c","5edc4d6d-bf39-4b8b-8c2f-1514e5012815",true,,,2024-12-23T01:53:40Z,2024-12-23T01:53:40Z,"0807be68-01fb-4267-b518-9d8256bf305c"
"b0b9bd88-56de-4522-9f6b-d351fb472af2","1eb094f0-89c4-475b-bd7f-80c69e3cd916","21199dfc-2037-4846-b7bc-0ed771a268ac",true,,,2024-12-15T18:05:18Z,2024-12-15T18:05:18Z,"6f06c29d-1061-4f7e-8738-b352aaabf5f7"
"b11d3a5d-28ee-43d6-9b2d-4c7bd79d2f10","7db935a3-9adc-492e-8c0d-39a483f3f13c","15b6c233-8f71-417f-a504-8fea77b90acf",true,,,2024-12-23T01:53:41Z,2024-12-23T01:53:41Z,"0807be68-01fb-4267-b518-9d8256bf305c"
"b2c0d771-ffde-485d-bf52-b0157f0e58b3","0bef70c1-193b-4494-a9a0-5c3bf9c222d1","8fea43bf-bb66-40ae-a33b-c6659df1df85",true,5,,2024-12-08T01:45:51Z,2024-12-11T04:50:28Z,"cf7a3772-6c8b-4551-8f13-3677ab83986b"
"b4028168-eb49-4b3b-a6a0-cc517d58c8e0","458515e7-1bc5-4ce8-b3b5-3484689949d2","9f4eda61-b862-4b60-9b39-cb1239d740df",true,5,,2024-12-15T04:20:13Z,2024-12-23T01:34:40Z,"cf7a3772-6c8b-4551-8f13-3677ab83986b"
"b41900c7-2bf6-4e94-b42c-df2472489eed","7db935a3-9adc-492e-8c0d-39a483f3f13c","f7e68715-897f-4463-a57f-ae031e2555d8",true,,,2024-12-23T01:53:41Z,2024-12-23T01:53:41Z,"0807be68-01fb-4267-b518-9d8256bf305c"
"b43880b5-40cf-48e4-a311-d929417eb908","0bef70c1-193b-4494-a9a0-5c3bf9c222d1","f0c5ec33-cc23-46ec-84ba-9f29c68b1d03",true,2,,2024-12-08T01:45:51Z,2024-12-11T04:44:14Z,"cf7a3772-6c8b-4551-8f13-3677ab83986b"
"b5097862-d617-46da-9b12-94cfd8ca3bde","c4f8698a-7308-40f5-9ecb-4f9e7ffa69fb","b4cfacfb-b15c-422e-b8a1-792a51bd5cbd",true,5,,2024-12-08T01:46:28Z,2024-12-23T01:35:59Z,"cf7a3772-6c8b-4551-8f13-3677ab83986b"
"b6eafca5-0e95-4575-85d3-ab7d6e031b24","458515e7-1bc5-4ce8-b3b5-3484689949d2","3132103e-c10d-46ff-bc73-cd5349d242f9",true,5,,2024-12-15T04:20:13Z,2024-12-23T01:37:00Z,"cf7a3772-6c8b-4551-8f13-3677ab83986b"
"b7b112f5-7b9e-4a74-b31b-9da7507a7c9b","458515e7-1bc5-4ce8-b3b5-3484689949d2","8fea43bf-bb66-40ae-a33b-c6659df1df85",true,5,,2024-12-15T04:20:13Z,2024-12-23T01:38:06Z,"cf7a3772-6c8b-4551-8f13-3677ab83986b"
"b7ee49da-ef7e-419a-a578-fe86299356aa","0bef70c1-193b-4494-a9a0-5c3bf9c222d1","9f4eda61-b862-4b60-9b39-cb1239d740df",true,5,,2024-12-08T01:45:51Z,2024-12-23T01:35:37Z,"cf7a3772-6c8b-4551-8f13-3677ab83986b"
"b7f1e58b-68a0-48e9-8a1e-ecc688b3a9c3","f2e90052-5346-44ca-96a1-14855aa6011d","907eb01a-cb4f-437e-ab61-5733f655f2d4",true,2,,2024-12-08T01:46:08Z,2024-12-11T23:21:23Z,"cf7a3772-6c8b-4551-8f13-3677ab83986b"
"b96e248b-4608-444b-9f8f-306656f365b0","f2e90052-5346-44ca-96a1-14855aa6011d","d893a8c7-3990-4d0b-ab44-2d0b8acf8260",true,3,,2024-12-08T01:46:08Z,2024-12-11T23:16:05Z,"cf7a3772-6c8b-4551-8f13-3677ab83986b"
"ba586317-2abe-4964-8d29-b6585932a7b6","7db935a3-9adc-492e-8c0d-39a483f3f13c","3132103e-c10d-46ff-bc73-cd5349d242f9",true,,,2024-12-23T01:53:41Z,2024-12-23T01:53:41Z,"0807be68-01fb-4267-b518-9d8256bf305c"
"bac89306-b4fe-47a0-94ed-5181e155474c","1eb094f0-89c4-475b-bd7f-80c69e3cd916","87edb4cc-146c-41d4-9f1b-9dec6a7d7900",true,,,2024-12-15T18:05:18Z,2024-12-15T18:05:18Z,"6f06c29d-1061-4f7e-8738-b352aaabf5f7"
"bacd8bec-e0b6-422a-88a6-8e6ade979529","458515e7-1bc5-4ce8-b3b5-3484689949d2","b4cfacfb-b15c-422e-b8a1-792a51bd5cbd",true,5,,2024-12-15T04:20:13Z,2024-12-23T01:35:58Z,"cf7a3772-6c8b-4551-8f13-3677ab83986b"
"bb6e5729-c55f-4530-b78a-3f52fca2eb87","0bef70c1-193b-4494-a9a0-5c3bf9c222d1","0ba378d6-fc4b-4842-83df-e5ace9a9b90c",true,1,,2024-12-08T01:45:51Z,2024-12-11T04:39:27Z,"cf7a3772-6c8b-4551-8f13-3677ab83986b"
"bb9218ab-67d3-4e26-a0d5-af42700e70c1","c4f8698a-7308-40f5-9ecb-4f9e7ffa69fb","87edb4cc-146c-41d4-9f1b-9dec6a7d7900",true,3,,2024-12-08T01:46:28Z,2024-12-23T01:41:11Z,"cf7a3772-6c8b-4551-8f13-3677ab83986b"
"bbd296b8-c47b-4049-bb52-71a0463fb760","458515e7-1bc5-4ce8-b3b5-3484689949d2","d9096fdd-64b3-49e1-9939-1427fbb8c8c2",true,2,,2024-12-15T04:20:13Z,2024-12-22T16:47:32Z,"cf7a3772-6c8b-4551-8f13-3677ab83986b"
"bc11b8c1-1c69-4d4d-8a69-9b43b094272f","c4f8698a-7308-40f5-9ecb-4f9e7ffa69fb","9f4eda61-b862-4b60-9b39-cb1239d740df",true,5,,2024-12-08T01:46:28Z,2024-12-23T01:35:37Z,"cf7a3772-6c8b-4551-8f13-3677ab83986b"
"bc8559c4-77d9-4a48-a93e-df553a0289df","b42dde42-efb7-4cf8-b9d3-bbf2c37f8abb","43bfd150-4d90-47f7-a4b3-65cf7286483e",true,,,2024-12-23T01:53:56Z,2024-12-23T01:53:56Z,"0807be68-01fb-4267-b518-9d8256bf305c"
"bd802140-b365-4958-835c-1427bbbe459d","c4f8698a-7308-40f5-9ecb-4f9e7ffa69fb","6b080656-4d1e-4d54-8df2-380049556f44",true,4,,2024-12-08T01:46:28Z,2024-12-23T01:34:08Z,"cf7a3772-6c8b-4551-8f13-3677ab83986b"
"bdc395d7-cbdd-4186-9318-aa21460b0153","c4f8698a-7308-40f5-9ecb-4f9e7ffa69fb","b18374ba-538e-49a8-ad0d-445d4ff48b2e",true,3,,2024-12-08T01:46:28Z,2024-12-23T01:39:14Z,"cf7a3772-6c8b-4551-8f13-3677ab83986b"
"be281078-65a7-484d-8173-eea6683910de","b42dde42-efb7-4cf8-b9d3-bbf2c37f8abb","0ba378d6-fc4b-4842-83df-e5ace9a9b90c",true,,,2024-12-23T01:53:56Z,2024-12-23T01:53:56Z,"0807be68-01fb-4267-b518-9d8256bf305c"
"be380508-2a80-4b9f-b812-addff8ae7389","f2e90052-5346-44ca-96a1-14855aa6011d","f0c5ec33-cc23-46ec-84ba-9f29c68b1d03",true,4,,2024-12-08T01:46:08Z,2024-12-11T23:17:45Z,"cf7a3772-6c8b-4551-8f13-3677ab83986b"
"be8c5c31-2fd1-4a05-9970-bcfedcb7403c","1eb094f0-89c4-475b-bd7f-80c69e3cd916","a7b36232-227c-4e2a-8e00-982d97698719",true,,,2024-12-15T18:05:18Z,2024-12-15T18:05:18Z,"6f06c29d-1061-4f7e-8738-b352aaabf5f7"
"beeb44ee-bf36-4cca-837a-7d72ca110ac5","0bef70c1-193b-4494-a9a0-5c3bf9c222d1","010fe3a6-836b-4891-acb1-5ab4ed01a9ce",true,5,,2024-12-08T01:45:51Z,2024-12-11T04:39:27Z,"cf7a3772-6c8b-4551-8f13-3677ab83986b"
"bf499f46-cbd5-46b4-b6ad-e6abcf8d3369","0bef70c1-193b-4494-a9a0-5c3bf9c222d1","205a886c-825f-4f7a-9d37-6f3bf5416944",true,3,,2024-12-08T01:45:51Z,2024-12-11T04:39:27Z,"cf7a3772-6c8b-4551-8f13-3677ab83986b"
"c068edd6-3ce5-4c93-b024-96d1901d6843","c4f8698a-7308-40f5-9ecb-4f9e7ffa69fb","dc4d5ba1-9391-4e84-ac28-749802823b8d",true,2,,2024-12-08T01:46:28Z,2024-12-11T04:38:12Z,"cf7a3772-6c8b-4551-8f13-3677ab83986b"
"c0746ad6-7625-4527-9944-e7106af66c2f","f2e90052-5346-44ca-96a1-14855aa6011d","6a000ebe-6d17-4420-b4ff-db71093fd4ea",true,3,,2024-12-08T01:46:08Z,2024-12-11T23:20:43Z,"cf7a3772-6c8b-4551-8f13-3677ab83986b"
"c0cff31f-beb0-4b56-bdaa-78060b85eb74","f2e90052-5346-44ca-96a1-14855aa6011d","3132103e-c10d-46ff-bc73-cd5349d242f9",true,5,,2024-12-08T01:46:08Z,2024-12-11T04:39:42Z,"cf7a3772-6c8b-4551-8f13-3677ab83986b"
"c21907a9-eed2-431a-b63e-a917238ace13","1eb094f0-89c4-475b-bd7f-80c69e3cd916","9dcc740c-c8b4-482f-a757-a511ed74b3a5",true,,,2024-12-15T18:05:18Z,2024-12-15T18:05:18Z,"6f06c29d-1061-4f7e-8738-b352aaabf5f7"
"c268214d-b392-492b-aa77-49e0f530bad3","7db935a3-9adc-492e-8c0d-39a483f3f13c","a71a5c53-38c8-4130-ae27-18cdceaf7339",true,,,2024-12-23T01:53:40Z,2024-12-23T01:53:40Z,"0807be68-01fb-4267-b518-9d8256bf305c"
"c2883343-7e08-4bc1-84a6-a83203c0a6e9","f2e90052-5346-44ca-96a1-14855aa6011d","65c1f478-b205-4ea0-8c1b-bae1e5671357",true,2,,2024-12-08T01:46:08Z,2024-12-23T01:34:03Z,"cf7a3772-6c8b-4551-8f13-3677ab83986b"
"c31fc916-a09d-4b3b-bd1c-2c3e8a246d8a","b42dde42-efb7-4cf8-b9d3-bbf2c37f8abb","aca12467-e642-49b7-8012-a19e5ddf1d45",true,,,2024-12-23T01:53:56Z,2024-12-23T01:53:56Z,"0807be68-01fb-4267-b518-9d8256bf305c"
"c359e3bd-5eb3-453c-9e38-a6cc712a0d1f","1eb094f0-89c4-475b-bd7f-80c69e3cd916","c07915cf-329f-4b13-9b63-c6347a06350b",true,,,2024-12-15T18:05:18Z,2024-12-15T18:05:18Z,"6f06c29d-1061-4f7e-8738-b352aaabf5f7"
"c3d31aaf-040a-49d3-b81d-ec12c0338d13","c4f8698a-7308-40f5-9ecb-4f9e7ffa69fb","5df71217-b707-4bbd-ad5a-8a6dbb70b916",true,3,,2024-12-08T01:46:28Z,2024-12-23T01:39:45Z,"cf7a3772-6c8b-4551-8f13-3677ab83986b"
"c4633de0-9200-4aaa-969d-4be035118e1e","1eb094f0-89c4-475b-bd7f-80c69e3cd916","e20111ba-167d-493b-a0cc-163705a555ee",true,,,2024-12-15T18:05:18Z,2024-12-15T18:05:18Z,"6f06c29d-1061-4f7e-8738-b352aaabf5f7"
"c49c5c53-adc6-4433-846b-b36843c5ecdb","c4f8698a-7308-40f5-9ecb-4f9e7ffa69fb","b3e96cd4-d115-4fb1-9a9c-4e4ef0ffe4a5",true,5,,2024-12-08T01:46:28Z,2024-12-23T01:35:53Z,"cf7a3772-6c8b-4551-8f13-3677ab83986b"
"c5272dd9-2633-4bc6-bf01-e8e62e53eb07","c4f8698a-7308-40f5-9ecb-4f9e7ffa69fb","32b03f6a-aa7b-4918-beab-bdb559468aa7",true,5,,2024-12-08T01:46:28Z,2024-12-23T01:40:57Z,"cf7a3772-6c8b-4551-8f13-3677ab83986b"
"c5eacfbe-6ec8-48ad-9ddd-7f5e77e65502","7db935a3-9adc-492e-8c0d-39a483f3f13c","dc4d5ba1-9391-4e84-ac28-749802823b8d",true,,,2024-12-23T01:53:41Z,2024-12-23T01:53:41Z,"0807be68-01fb-4267-b518-9d8256bf305c"
"c633ce58-4dc1-4c89-a202-0c99d9d1fb5e","f2e90052-5346-44ca-96a1-14855aa6011d","004e5f75-de06-4713-a321-709fdab70bc0",true,5,,2024-12-08T01:46:08Z,2024-12-11T04:39:42Z,"cf7a3772-6c8b-4551-8f13-3677ab83986b"
"c79c73be-f816-43a9-89fd-7e8b2ffb0d43","1eb094f0-89c4-475b-bd7f-80c69e3cd916","cf462e27-f8fd-42c3-ba35-441745eb11e8",true,,,2024-12-15T18:05:18Z,2024-12-15T18:05:18Z,"6f06c29d-1061-4f7e-8738-b352aaabf5f7"
"c97a0654-435d-49f6-88b0-124683a35a3e","7db935a3-9adc-492e-8c0d-39a483f3f13c","e48546a6-234f-45e0-9ed6-b931c9815362",true,,,2024-12-23T01:53:41Z,2024-12-23T01:53:41Z,"0807be68-01fb-4267-b518-9d8256bf305c"
"c9bc78c6-ae42-44b2-a4e2-41d7c4fcf49f","f2e90052-5346-44ca-96a1-14855aa6011d","43bfd150-4d90-47f7-a4b3-65cf7286483e",true,5,,2024-12-08T01:46:08Z,2024-12-11T23:20:04Z,"cf7a3772-6c8b-4551-8f13-3677ab83986b"
"ca793ec3-34ed-4734-8c52-d8f304f1c609","f2e90052-5346-44ca-96a1-14855aa6011d","333c2ab2-1831-4f09-8755-502e8d61b345",true,5,,2024-12-08T01:46:08Z,2024-12-11T04:47:49Z,"cf7a3772-6c8b-4551-8f13-3677ab83986b"
"ca86ad53-575c-4a0d-98ee-41e425a3f6ad","0bef70c1-193b-4494-a9a0-5c3bf9c222d1","dc4d5ba1-9391-4e84-ac28-749802823b8d",true,5,,2024-12-08T01:45:51Z,2024-12-11T04:39:27Z,"cf7a3772-6c8b-4551-8f13-3677ab83986b"
"cb9b82e5-bae8-4485-b6f3-14378b10c9d4","0bef70c1-193b-4494-a9a0-5c3bf9c222d1","e48546a6-234f-45e0-9ed6-b931c9815362",false,,,2024-12-08T01:45:51Z,2024-12-11T04:40:25Z,"cf7a3772-6c8b-4551-8f13-3677ab83986b"
"cd61a8c5-07e4-4b7d-a282-b521167bcb48","b42dde42-efb7-4cf8-b9d3-bbf2c37f8abb","a0d218a2-81e6-40c1-87ab-a9cf68538938",true,,,2024-12-23T01:53:56Z,2024-12-23T01:53:56Z,"0807be68-01fb-4267-b518-9d8256bf305c"
"cd6bb05d-ae63-48c4-91cc-fc48ccee1325","7db935a3-9adc-492e-8c0d-39a483f3f13c","5df71217-b707-4bbd-ad5a-8a6dbb70b916",true,,,2024-12-23T01:53:40Z,2024-12-23T01:53:40Z,"0807be68-01fb-4267-b518-9d8256bf305c"
"cd9127ea-4e22-4858-999c-d1cae121724d","0bef70c1-193b-4494-a9a0-5c3bf9c222d1","32b03f6a-aa7b-4918-beab-bdb559468aa7",true,5,,2024-12-08T01:45:51Z,2024-12-11T04:45:39Z,"cf7a3772-6c8b-4551-8f13-3677ab83986b"
"cdbfbe86-0e07-439f-bedc-dd9a19cb4318","458515e7-1bc5-4ce8-b3b5-3484689949d2","a7b36232-227c-4e2a-8e00-982d97698719",true,5,,2024-12-15T04:20:13Z,2024-12-23T01:38:58Z,"cf7a3772-6c8b-4551-8f13-3677ab83986b"
"ce0a6699-a1b8-4f01-a1ec-4fcf2e81c194","c4f8698a-7308-40f5-9ecb-4f9e7ffa69fb","3132103e-c10d-46ff-bc73-cd5349d242f9",true,5,,2024-12-08T01:46:28Z,2024-12-11T04:38:12Z,"cf7a3772-6c8b-4551-8f13-3677ab83986b"
"ce6fa781-93e4-47f4-be65-e2547082b7b5","1eb094f0-89c4-475b-bd7f-80c69e3cd916","f0c5ec33-cc23-46ec-84ba-9f29c68b1d03",true,,,2024-12-15T18:05:18Z,2024-12-15T18:05:18Z,"6f06c29d-1061-4f7e-8738-b352aaabf5f7"
"cefbe1c3-ad25-4b28-917f-6bea17602204","b42dde42-efb7-4cf8-b9d3-bbf2c37f8abb","173322e0-c1b0-4f69-bd38-2467734a3544",false,,,2024-12-23T01:53:56Z,2024-12-23T01:53:56Z,"0807be68-01fb-4267-b518-9d8256bf305c"
"cf037da3-4254-434a-94c4-df8c6f9f61b4","0bef70c1-193b-4494-a9a0-5c3bf9c222d1","a71a5c53-38c8-4130-ae27-18cdceaf7339",false,,,2024-12-08T01:45:51Z,2024-12-11T04:51:20Z,"cf7a3772-6c8b-4551-8f13-3677ab83986b"
"d11f4337-296a-4485-9ada-31ddd72cce95","458515e7-1bc5-4ce8-b3b5-3484689949d2","54b8eaae-dd0b-40ac-84d3-a9f2bdb22b45",true,5,,2024-12-15T04:20:13Z,2024-12-23T01:33:39Z,"cf7a3772-6c8b-4551-8f13-3677ab83986b"
"d184e205-39b4-4ce0-b066-066353989362","f2e90052-5346-44ca-96a1-14855aa6011d","010fe3a6-836b-4891-acb1-5ab4ed01a9ce",true,4,,2024-12-08T01:46:08Z,2024-12-11T23:17:59Z,"cf7a3772-6c8b-4551-8f13-3677ab83986b"
"d28e6ab4-1637-4483-9dfe-a662d8db3c47","f2e90052-5346-44ca-96a1-14855aa6011d","e20111ba-167d-493b-a0cc-163705a555ee",true,5,,2024-12-08T01:46:08Z,2024-12-11T04:39:42Z,"cf7a3772-6c8b-4551-8f13-3677ab83986b"
"d2ffa31c-e9cb-4573-98a7-a9afa96d2283","7db935a3-9adc-492e-8c0d-39a483f3f13c","87edb4cc-146c-41d4-9f1b-9dec6a7d7900",true,,,2024-12-23T01:53:40Z,2024-12-23T01:53:40Z,"0807be68-01fb-4267-b518-9d8256bf305c"
"d38ab587-07a1-43a9-97ca-8970690c610a","7db935a3-9adc-492e-8c0d-39a483f3f13c","43bfd150-4d90-47f7-a4b3-65cf7286483e",true,,,2024-12-23T01:53:40Z,2024-12-23T01:53:40Z,"0807be68-01fb-4267-b518-9d8256bf305c"
"d45168bd-fcd8-4ab0-9dfd-076147244222","0bef70c1-193b-4494-a9a0-5c3bf9c222d1","62187efc-c935-4e0b-8a8a-1961a34eaa62",true,5,,2024-12-08T01:45:51Z,2024-12-11T04:48:58Z,"cf7a3772-6c8b-4551-8f13-3677ab83986b"
"d4528674-b03f-402e-b731-3967d526f68d","0bef70c1-193b-4494-a9a0-5c3bf9c222d1","72d81e24-fd94-4625-b121-8318ceeb7fa0",true,1,,2024-12-08T01:45:51Z,2024-12-23T01:40:02Z,"cf7a3772-6c8b-4551-8f13-3677ab83986b"
"d4d3ac85-6508-4b9e-a388-267df3b24ac3","0bef70c1-193b-4494-a9a0-5c3bf9c222d1","3132103e-c10d-46ff-bc73-cd5349d242f9",true,3,,2024-12-08T01:45:51Z,2024-12-11T04:45:55Z,"cf7a3772-6c8b-4551-8f13-3677ab83986b"
"d500cda5-a2d0-4b5b-a0bf-7eba35c6534f","c4f8698a-7308-40f5-9ecb-4f9e7ffa69fb","333c2ab2-1831-4f09-8755-502e8d61b345",true,5,,2024-12-08T01:46:28Z,2024-12-11T04:47:49Z,"cf7a3772-6c8b-4551-8f13-3677ab83986b"
"d53b7e6a-2ac0-4774-a077-e2bfa4c47a5a","7db935a3-9adc-492e-8c0d-39a483f3f13c","cc7b4970-4772-4448-bd1e-7c58ffec9853",true,,,2024-12-23T01:53:40Z,2024-12-23T01:53:40Z,"0807be68-01fb-4267-b518-9d8256bf305c"
"d5886b72-7b07-4edb-aad9-428d258138f0","0bef70c1-193b-4494-a9a0-5c3bf9c222d1","87edb4cc-146c-41d4-9f1b-9dec6a7d7900",false,,,2024-12-08T01:45:51Z,2024-12-11T04:50:25Z,"cf7a3772-6c8b-4551-8f13-3677ab83986b"
"d595de50-ac93-4f0b-948d-e94715bc65ec","f2e90052-5346-44ca-96a1-14855aa6011d","cc7b4970-4772-4448-bd1e-7c58ffec9853",true,5,,2024-12-08T01:46:08Z,2024-12-23T01:39:21Z,"cf7a3772-6c8b-4551-8f13-3677ab83986b"
"d606881b-225c-4b85-8b0e-142e7e5ed21d","7db935a3-9adc-492e-8c0d-39a483f3f13c","9dcc740c-c8b4-482f-a757-a511ed74b3a5",true,,,2024-12-23T01:53:40Z,2024-12-23T01:53:40Z,"0807be68-01fb-4267-b518-9d8256bf305c"
"d6280302-229e-4291-96ba-2b2518c470bf","1eb094f0-89c4-475b-bd7f-80c69e3cd916","5df71217-b707-4bbd-ad5a-8a6dbb70b916",true,,,2024-12-15T18:05:18Z,2024-12-15T18:05:18Z,"6f06c29d-1061-4f7e-8738-b352aaabf5f7"
"d6fd2576-c330-428f-a5a3-c9821066587d","f2e90052-5346-44ca-96a1-14855aa6011d","8002adcc-e31b-4e51-8050-422ac6ef3598",true,5,,2024-12-08T01:46:08Z,2024-12-11T04:50:17Z,"cf7a3772-6c8b-4551-8f13-3677ab83986b"
"d7268fa8-86f0-46ec-943c-fd76767b6e5d","b42dde42-efb7-4cf8-b9d3-bbf2c37f8abb","72136062-7651-4ee8-8cea-2fddc0d0238d",true,,,2024-12-23T01:53:56Z,2024-12-23T01:53:56Z,"0807be68-01fb-4267-b518-9d8256bf305c"
"d76eb986-4ef0-444c-8b99-064b74a48569","458515e7-1bc5-4ce8-b3b5-3484689949d2","9a80545e-c3ed-420c-aa9b-f5d32d9d3bc0",true,4,,2024-12-15T04:20:13Z,2024-12-23T01:34:30Z,"cf7a3772-6c8b-4551-8f13-3677ab83986b"
"d7d74141-2046-4539-bf5a-3b3cab65e97c","b42dde42-efb7-4cf8-b9d3-bbf2c37f8abb","03f64121-4562-4c3e-bc03-5d91fb88f00b",true,,,2024-12-23T01:53:56Z,2024-12-23T01:53:56Z,"0807be68-01fb-4267-b518-9d8256bf305c"
"d811e434-8c59-437f-8cb9-214340761f52","458515e7-1bc5-4ce8-b3b5-3484689949d2","e5a5bd49-dd60-4735-961b-c0375a762280",true,2,,2024-12-15T04:20:13Z,2024-12-22T16:47:50Z,"cf7a3772-6c8b-4551-8f13-3677ab83986b"
"d905e54c-80a2-4ab9-afd5-d521ea31d7bc","458515e7-1bc5-4ce8-b3b5-3484689949d2","6b080656-4d1e-4d54-8df2-380049556f44",true,4,,2024-12-15T04:20:13Z,2024-12-23T01:34:08Z,"cf7a3772-6c8b-4551-8f13-3677ab83986b"
"d9201c45-4f9c-4d40-89d2-b4b24925122f","7db935a3-9adc-492e-8c0d-39a483f3f13c","9a80545e-c3ed-420c-aa9b-f5d32d9d3bc0",true,,,2024-12-23T01:53:40Z,2024-12-23T01:53:40Z,"0807be68-01fb-4267-b518-9d8256bf305c"
"d97686f2-8beb-4491-b60c-6552d467b336","458515e7-1bc5-4ce8-b3b5-3484689949d2","173322e0-c1b0-4f69-bd38-2467734a3544",true,5,,2024-12-15T04:20:13Z,2024-12-22T04:34:14Z,"cf7a3772-6c8b-4551-8f13-3677ab83986b"
"d98e473b-1e83-4fca-bbd6-bc9234f430bd","458515e7-1bc5-4ce8-b3b5-3484689949d2","fd229249-a1af-4858-8393-65ccf4e95f85",true,1,,2024-12-15T04:20:13Z,2024-12-23T01:40:45Z,"cf7a3772-6c8b-4551-8f13-3677ab83986b"
"d9a5c1ac-6c6d-4f90-829f-0c391628a239","c4f8698a-7308-40f5-9ecb-4f9e7ffa69fb","d9096fdd-64b3-49e1-9939-1427fbb8c8c2",true,1,,2024-12-08T01:46:28Z,2024-12-11T04:38:12Z,"cf7a3772-6c8b-4551-8f13-3677ab83986b"
"da986cd4-1a5b-4f3f-8906-c58712ece0c8","c4f8698a-7308-40f5-9ecb-4f9e7ffa69fb","c720100f-cac2-42f8-ba77-58ffd2743835",true,5,,2024-12-08T01:46:28Z,2024-12-23T01:41:34Z,"cf7a3772-6c8b-4551-8f13-3677ab83986b"
"dbd12af8-ae03-48d9-8aec-d63798958045","b42dde42-efb7-4cf8-b9d3-bbf2c37f8abb","3f324208-e673-454a-a1d0-e1e1cde8a174",true,,,2024-12-23T01:53:56Z,2024-12-23T01:53:56Z,"0807be68-01fb-4267-b518-9d8256bf305c"
"dbe1a93d-0b2b-4f72-b578-d701c2ec7f48","0bef70c1-193b-4494-a9a0-5c3bf9c222d1","333c2ab2-1831-4f09-8755-502e8d61b345",true,3,,2024-12-08T01:45:51Z,2024-12-11T04:47:53Z,"cf7a3772-6c8b-4551-8f13-3677ab83986b"
"dc15faaf-8498-4b49-9233-750720281806","c4f8698a-7308-40f5-9ecb-4f9e7ffa69fb","43bfd150-4d90-47f7-a4b3-65cf7286483e",true,5,,2024-12-08T01:46:28Z,2024-12-23T01:37:32Z,"cf7a3772-6c8b-4551-8f13-3677ab83986b"
"dc5fb358-bf77-4436-8321-eed027f48e6c","b42dde42-efb7-4cf8-b9d3-bbf2c37f8abb","cf462e27-f8fd-42c3-ba35-441745eb11e8",true,,,2024-12-23T01:53:56Z,2024-12-23T01:53:56Z,"0807be68-01fb-4267-b518-9d8256bf305c"
"dd351a9d-ec53-4915-b669-a089e8356720","0bef70c1-193b-4494-a9a0-5c3bf9c222d1","03f64121-4562-4c3e-bc03-5d91fb88f00b",true,3,,2024-12-08T01:45:51Z,2024-12-11T04:46:58Z,"cf7a3772-6c8b-4551-8f13-3677ab83986b"
"dd5c709e-8b41-4c62-ba52-0af8caead7f4","458515e7-1bc5-4ce8-b3b5-3484689949d2","333c2ab2-1831-4f09-8755-502e8d61b345",true,5,,2024-12-15T04:20:13Z,2024-12-23T01:33:18Z,"cf7a3772-6c8b-4551-8f13-3677ab83986b"
"dda0ef5a-c5fd-4e64-9143-188085e9a16d","7db935a3-9adc-492e-8c0d-39a483f3f13c","1c31479a-79b0-4510-b4f5-838f13dbf049",true,,,2024-12-23T01:53:41Z,2024-12-23T01:53:41Z,"0807be68-01fb-4267-b518-9d8256bf305c"
"de31f3d3-cbe3-421c-a9c3-8358cb4070a8","f2e90052-5346-44ca-96a1-14855aa6011d","d00d3cf8-90eb-4c33-a348-4bc0d90646b1",true,3,,2024-12-08T01:46:08Z,2024-12-23T01:36:24Z,"cf7a3772-6c8b-4551-8f13-3677ab83986b"
"dee7d731-b921-4843-ac66-a43bc82ca679","f2e90052-5346-44ca-96a1-14855aa6011d","aca12467-e642-49b7-8012-a19e5ddf1d45",true,4,,2024-12-08T01:46:08Z,2024-12-23T01:39:08Z,"cf7a3772-6c8b-4551-8f13-3677ab83986b"
"df566802-77b1-402d-b037-4e7699015b84","c4f8698a-7308-40f5-9ecb-4f9e7ffa69fb","cf462e27-f8fd-42c3-ba35-441745eb11e8",true,3,,2024-12-08T01:46:28Z,2024-12-23T01:36:10Z,"cf7a3772-6c8b-4551-8f13-3677ab83986b"
"dfe953cf-4a43-424b-aa82-580b982fe013","0bef70c1-193b-4494-a9a0-5c3bf9c222d1","aca12467-e642-49b7-8012-a19e5ddf1d45",true,5,,2024-12-08T01:45:51Z,2024-12-11T04:51:26Z,"cf7a3772-6c8b-4551-8f13-3677ab83986b"
"e10bf8f9-6e81-47e1-8747-bb36a76804ac","1eb094f0-89c4-475b-bd7f-80c69e3cd916","b3e96cd4-d115-4fb1-9a9c-4e4ef0ffe4a5",true,,,2024-12-15T18:05:18Z,2024-12-15T18:05:18Z,"6f06c29d-1061-4f7e-8738-b352aaabf5f7"
"e1766139-ef7a-4585-b0f7-5436f82f67c6","7db935a3-9adc-492e-8c0d-39a483f3f13c","36db4565-d175-4450-a87f-6c69d32b74a7",true,,,2024-12-23T01:53:40Z,2024-12-23T01:53:40Z,"0807be68-01fb-4267-b518-9d8256bf305c"
"e1b90db0-7526-4aa1-8c06-4669dda1d2f0","458515e7-1bc5-4ce8-b3b5-3484689949d2","004e5f75-de06-4713-a321-709fdab70bc0",true,5,,2024-12-15T04:20:13Z,2024-12-23T01:43:42Z,"cf7a3772-6c8b-4551-8f13-3677ab83986b"
"e22e68ef-af7f-4730-bf79-64a4f33c10c2","b42dde42-efb7-4cf8-b9d3-bbf2c37f8abb","6b080656-4d1e-4d54-8df2-380049556f44",true,,,2024-12-23T01:53:56Z,2024-12-23T01:53:56Z,"0807be68-01fb-4267-b518-9d8256bf305c"
"e29a2f89-ae2f-42df-b9f2-02ceb3b20da0","0bef70c1-193b-4494-a9a0-5c3bf9c222d1","7197122c-b22f-4b60-9f62-a7c924a66eb9",false,,,2024-12-08T01:45:51Z,2024-12-11T04:49:20Z,"cf7a3772-6c8b-4551-8f13-3677ab83986b"
"e2bc45b5-a260-4349-88dd-88ffd07123b0","c4f8698a-7308-40f5-9ecb-4f9e7ffa69fb","711e92fd-a35c-498a-b8ed-eeb4d0123189",true,5,,2024-12-08T01:46:28Z,2024-12-23T01:34:14Z,"cf7a3772-6c8b-4551-8f13-3677ab83986b"
"e3999f47-a2c0-4629-8c3b-92985ab322e7","7db935a3-9adc-492e-8c0d-39a483f3f13c","aca12467-e642-49b7-8012-a19e5ddf1d45",true,,,2024-12-23T01:53:40Z,2024-12-23T01:53:40Z,"0807be68-01fb-4267-b518-9d8256bf305c"
"e40b6f3a-9ebc-43e6-8105-9c6f80148d75","b42dde42-efb7-4cf8-b9d3-bbf2c37f8abb","9f4eda61-b862-4b60-9b39-cb1239d740df",false,,,2024-12-23T01:53:56Z,2024-12-23T01:53:56Z,"0807be68-01fb-4267-b518-9d8256bf305c"
"e4f19e68-a103-4a1f-8976-95d5442542dd","7db935a3-9adc-492e-8c0d-39a483f3f13c","9f4eda61-b862-4b60-9b39-cb1239d740df",true,,,2024-12-23T01:53:40Z,2024-12-23T01:53:40Z,"0807be68-01fb-4267-b518-9d8256bf305c"
"e590d752-e40d-44a1-90f0-64cab79d1868","458515e7-1bc5-4ce8-b3b5-3484689949d2","aca12467-e642-49b7-8012-a19e5ddf1d45",true,4,,2024-12-15T04:20:13Z,2024-12-23T01:39:02Z,"cf7a3772-6c8b-4551-8f13-3677ab83986b"
"e6c5e830-1c99-4f94-a53a-2bbc429744d7","f2e90052-5346-44ca-96a1-14855aa6011d","c720100f-cac2-42f8-ba77-58ffd2743835",true,5,,2024-12-08T01:46:08Z,2024-12-23T01:41:34Z,"cf7a3772-6c8b-4551-8f13-3677ab83986b"
"e6ea4eb3-7f08-4065-b9ae-8a8b15370e75","f2e90052-5346-44ca-96a1-14855aa6011d","7b0ac2dd-dc3a-4c7f-a737-3d11d94bb886",true,3,,2024-12-08T01:46:08Z,2024-12-11T23:20:58Z,"cf7a3772-6c8b-4551-8f13-3677ab83986b"
"e7caad7a-3db6-42c2-b16b-deb1c8b818e6","458515e7-1bc5-4ce8-b3b5-3484689949d2","8002adcc-e31b-4e51-8050-422ac6ef3598",false,0,,2024-12-15T04:20:13Z,2024-12-23T01:37:42Z,"cf7a3772-6c8b-4551-8f13-3677ab83986b"
"e7f13160-2c93-4c78-816d-335f72f7d23e","7db935a3-9adc-492e-8c0d-39a483f3f13c","711e92fd-a35c-498a-b8ed-eeb4d0123189",true,,,2024-12-23T01:53:40Z,2024-12-23T01:53:40Z,"0807be68-01fb-4267-b518-9d8256bf305c"
"e804584b-d3a2-451d-bfca-3b06fcac1abc","b42dde42-efb7-4cf8-b9d3-bbf2c37f8abb","f0c5ec33-cc23-46ec-84ba-9f29c68b1d03",true,,,2024-12-23T01:53:56Z,2024-12-23T01:53:56Z,"0807be68-01fb-4267-b518-9d8256bf305c"
"e81ce3f9-7005-4467-845e-98979b457cb5","c4f8698a-7308-40f5-9ecb-4f9e7ffa69fb","35ef65a6-2801-4155-ad71-7945ac438555",true,3,,2024-12-08T01:46:28Z,2024-12-23T01:37:20Z,"cf7a3772-6c8b-4551-8f13-3677ab83986b"
"e82400a6-b8f2-40a2-981f-e1102ac3dbc5","1eb094f0-89c4-475b-bd7f-80c69e3cd916","907eb01a-cb4f-437e-ab61-5733f655f2d4",true,,,2024-12-15T18:05:18Z,2024-12-15T18:05:18Z,"6f06c29d-1061-4f7e-8738-b352aaabf5f7"
"e90e43d8-ca06-4295-9aa1-3ffa0281f62c","458515e7-1bc5-4ce8-b3b5-3484689949d2","15b6c233-8f71-417f-a504-8fea77b90acf",true,1,,2024-12-15T04:20:13Z,2024-12-23T01:40:56Z,"cf7a3772-6c8b-4551-8f13-3677ab83986b"
"eabb0409-3c9b-4abe-9b86-a19478c97b6c","7db935a3-9adc-492e-8c0d-39a483f3f13c","010fe3a6-836b-4891-acb1-5ab4ed01a9ce",true,,,2024-12-23T01:53:41Z,2024-12-23T01:53:41Z,"0807be68-01fb-4267-b518-9d8256bf305c"
"eabc766a-efb0-42e1-8a32-a1faadd47d89","b42dde42-efb7-4cf8-b9d3-bbf2c37f8abb","35ef65a6-2801-4155-ad71-7945ac438555",true,,,2024-12-23T01:53:56Z,2024-12-23T01:53:56Z,"0807be68-01fb-4267-b518-9d8256bf305c"
"ebc835f6-3293-4f74-9828-13f3335f003b","7db935a3-9adc-492e-8c0d-39a483f3f13c","a0d218a2-81e6-40c1-87ab-a9cf68538938",true,,,2024-12-23T01:53:40Z,2024-12-23T01:53:40Z,"0807be68-01fb-4267-b518-9d8256bf305c"
"ec8bc96e-bfaf-47ca-ad18-2041adae7d0e","0bef70c1-193b-4494-a9a0-5c3bf9c222d1","c07915cf-329f-4b13-9b63-c6347a06350b",true,5,,2024-12-08T01:45:51Z,2024-12-11T04:51:53Z,"cf7a3772-6c8b-4551-8f13-3677ab83986b"
"ed314cb1-64a5-4177-915c-922d876547ce","1eb094f0-89c4-475b-bd7f-80c69e3cd916","e7684e3e-ebcb-4b77-8d10-6549c3694244",true,,,2024-12-15T18:05:18Z,2024-12-15T18:05:18Z,"6f06c29d-1061-4f7e-8738-b352aaabf5f7"
"ed7aa74f-96a6-4c4d-97f0-daed6b601924","c4f8698a-7308-40f5-9ecb-4f9e7ffa69fb","54b8eaae-dd0b-40ac-84d3-a9f2bdb22b45",true,5,,2024-12-08T01:46:28Z,2024-12-23T01:33:39Z,"cf7a3772-6c8b-4551-8f13-3677ab83986b"
"ee8cbb0b-ac7e-42b8-8e92-9dd6bbd47c23","1eb094f0-89c4-475b-bd7f-80c69e3cd916","0ba378d6-fc4b-4842-83df-e5ace9a9b90c",true,,,2024-12-15T18:05:18Z,2024-12-15T18:05:18Z,"6f06c29d-1061-4f7e-8738-b352aaabf5f7"
"eea2f161-32c3-4489-8802-ae8811b6036c","0bef70c1-193b-4494-a9a0-5c3bf9c222d1","b3e96cd4-d115-4fb1-9a9c-4e4ef0ffe4a5",true,1,,2024-12-08T01:45:51Z,2024-12-11T04:51:46Z,"cf7a3772-6c8b-4551-8f13-3677ab83986b"
"eed9642c-c2bd-45f0-abc8-bd720607c47d","c4f8698a-7308-40f5-9ecb-4f9e7ffa69fb","1c31479a-79b0-4510-b4f5-838f13dbf049",true,5,,2024-12-08T01:46:28Z,2024-12-11T04:38:12Z,"cf7a3772-6c8b-4551-8f13-3677ab83986b"
"eef98615-6fbe-47f1-b919-cdd3c6d969bb","b42dde42-efb7-4cf8-b9d3-bbf2c37f8abb","21199dfc-2037-4846-b7bc-0ed771a268ac",true,,,2024-12-23T01:53:56Z,2024-12-23T01:53:56Z,"0807be68-01fb-4267-b518-9d8256bf305c"
"ef8ff673-3d2c-4b04-9b5c-9ee70779da48","7db935a3-9adc-492e-8c0d-39a483f3f13c","d9096fdd-64b3-49e1-9939-1427fbb8c8c2",true,,,2024-12-23T01:53:41Z,2024-12-23T01:53:41Z,"0807be68-01fb-4267-b518-9d8256bf305c"
"f0244666-b44d-41f1-a263-6b861b475750","b42dde42-efb7-4cf8-b9d3-bbf2c37f8abb","9dcc740c-c8b4-482f-a757-a511ed74b3a5",true,,,2024-12-23T01:53:56Z,2024-12-23T01:53:56Z,"0807be68-01fb-4267-b518-9d8256bf305c"
"f0547288-62dd-479d-915a-c73b75f1893d","c4f8698a-7308-40f5-9ecb-4f9e7ffa69fb","9dcc740c-c8b4-482f-a757-a511ed74b3a5",true,5,,2024-12-08T01:46:28Z,2024-12-23T01:40:15Z,"cf7a3772-6c8b-4551-8f13-3677ab83986b"
"f05d8fb1-99ee-42fc-a502-9d7785218534","458515e7-1bc5-4ce8-b3b5-3484689949d2","a0d218a2-81e6-40c1-87ab-a9cf68538938",true,1,,2024-12-15T04:20:13Z,2024-12-23T01:35:13Z,"cf7a3772-6c8b-4551-8f13-3677ab83986b"
"f076bffe-e8e5-4ebd-8a26-78a8fa5899f4","7db935a3-9adc-492e-8c0d-39a483f3f13c","e5a5bd49-dd60-4735-961b-c0375a762280",true,,,2024-12-23T01:53:41Z,2024-12-23T01:53:41Z,"0807be68-01fb-4267-b518-9d8256bf305c"
"f08bece7-f4d2-4862-b332-603637d1440c","0bef70c1-193b-4494-a9a0-5c3bf9c222d1","8002adcc-e31b-4e51-8050-422ac6ef3598",false,,,2024-12-08T01:45:51Z,2024-12-11T04:50:21Z,"cf7a3772-6c8b-4551-8f13-3677ab83986b"
"f0bfd6c9-34f9-4efc-807d-ce6699bb5cd0","1eb094f0-89c4-475b-bd7f-80c69e3cd916","6a000ebe-6d17-4420-b4ff-db71093fd4ea",true,,,2024-12-15T18:05:18Z,2024-12-15T18:05:18Z,"6f06c29d-1061-4f7e-8738-b352aaabf5f7"
"f2020168-8b9c-4153-aa87-d23be4d4be9c","c4f8698a-7308-40f5-9ecb-4f9e7ffa69fb","03f64121-4562-4c3e-bc03-5d91fb88f00b",true,5,,2024-12-08T01:46:28Z,2024-12-11T04:46:56Z,"cf7a3772-6c8b-4551-8f13-3677ab83986b"
"f2362edf-9bea-47bb-8e8b-9d1fca82cb74","458515e7-1bc5-4ce8-b3b5-3484689949d2","65c1f478-b205-4ea0-8c1b-bae1e5671357",true,3,,2024-12-15T04:20:13Z,2024-12-23T01:34:00Z,"cf7a3772-6c8b-4551-8f13-3677ab83986b"
"f2a33d74-8895-436d-a51c-59167f72bd79","7db935a3-9adc-492e-8c0d-39a483f3f13c","907eb01a-cb4f-437e-ab61-5733f655f2d4",true,,,2024-12-23T01:53:40Z,2024-12-23T01:53:40Z,"0807be68-01fb-4267-b518-9d8256bf305c"
"f2d48585-a81f-4e4b-9255-ab91fbcb6417","c4f8698a-7308-40f5-9ecb-4f9e7ffa69fb","3f324208-e673-454a-a1d0-e1e1cde8a174",true,,,2024-12-08T01:46:28Z,2024-12-11T04:38:12Z,"cf7a3772-6c8b-4551-8f13-3677ab83986b"
"f453e602-920f-4baf-bec1-beadd5e9356f","b42dde42-efb7-4cf8-b9d3-bbf2c37f8abb","a71a5c53-38c8-4130-ae27-18cdceaf7339",true,,,2024-12-23T01:53:56Z,2024-12-23T01:53:56Z,"0807be68-01fb-4267-b518-9d8256bf305c"
"f4dad350-69c3-4b50-a802-94b2f21e7d27","f2e90052-5346-44ca-96a1-14855aa6011d","f7e68715-897f-4463-a57f-ae031e2555d8",true,4,,2024-12-08T01:46:08Z,2024-12-11T23:17:52Z,"cf7a3772-6c8b-4551-8f13-3677ab83986b"
"f51cef1e-2c45-4433-a976-c4f451d1a595","1eb094f0-89c4-475b-bd7f-80c69e3cd916","32b03f6a-aa7b-4918-beab-bdb559468aa7",true,,,2024-12-15T18:05:18Z,2024-12-15T18:05:18Z,"6f06c29d-1061-4f7e-8738-b352aaabf5f7"
"f5a8371e-45f3-49c1-aba1-eed81a67b4d2","0bef70c1-193b-4494-a9a0-5c3bf9c222d1","72136062-7651-4ee8-8cea-2fddc0d0238d",true,5,,2024-12-08T01:45:51Z,2024-12-11T04:49:50Z,"cf7a3772-6c8b-4551-8f13-3677ab83986b"
"f5ce3c5e-81c2-4151-a8e7-1a88c1c41bda","0bef70c1-193b-4494-a9a0-5c3bf9c222d1","d9096fdd-64b3-49e1-9939-1427fbb8c8c2",true,1,,2024-12-08T01:45:51Z,2024-12-11T04:39:27Z,"cf7a3772-6c8b-4551-8f13-3677ab83986b"
"f66cf7ba-24a2-4eb7-a3cc-90f33be6ed11","1eb094f0-89c4-475b-bd7f-80c69e3cd916","d7ee0e76-ac79-4a51-a965-f85afeb22f25",true,,,2024-12-15T18:05:18Z,2024-12-15T18:05:18Z,"6f06c29d-1061-4f7e-8738-b352aaabf5f7"
"f68520e8-e15c-4237-a995-1a75f2544c57","c4f8698a-7308-40f5-9ecb-4f9e7ffa69fb","205a886c-825f-4f7a-9d37-6f3bf5416944",true,3,,2024-12-08T01:46:28Z,2024-12-11T04:38:12Z,"cf7a3772-6c8b-4551-8f13-3677ab83986b"
"f6bbdbd5-7fd1-48f2-9212-0588cba26d30","f2e90052-5346-44ca-96a1-14855aa6011d","205a886c-825f-4f7a-9d37-6f3bf5416944",true,4,,2024-12-08T01:46:08Z,2024-12-11T23:18:37Z,"cf7a3772-6c8b-4551-8f13-3677ab83986b"
"f6d27aee-6121-4096-b7ab-8bbb2345b204","f2e90052-5346-44ca-96a1-14855aa6011d","87edb4cc-146c-41d4-9f1b-9dec6a7d7900",true,5,,2024-12-08T01:46:08Z,2024-12-11T23:21:09Z,"cf7a3772-6c8b-4551-8f13-3677ab83986b"
"f71440e6-8e31-4fbc-b0a1-2dffec6e9d34","f2e90052-5346-44ca-96a1-14855aa6011d","5b0ac15a-1d22-4ec8-a0b4-fca73dacbc8d",true,2,,2024-12-08T01:46:08Z,2024-12-11T23:20:09Z,"cf7a3772-6c8b-4551-8f13-3677ab83986b"
"f874a688-1e24-453c-bbcb-4b0f5c3b8a52","f2e90052-5346-44ca-96a1-14855aa6011d","fd229249-a1af-4858-8393-65ccf4e95f85",true,1,,2024-12-08T01:46:08Z,2024-12-11T04:39:42Z,"cf7a3772-6c8b-4551-8f13-3677ab83986b"
"f976a7ea-3c65-44ba-8b1d-0246e8a27679","7db935a3-9adc-492e-8c0d-39a483f3f13c","35ef65a6-2801-4155-ad71-7945ac438555",true,,,2024-12-23T01:53:40Z,2024-12-23T01:53:40Z,"0807be68-01fb-4267-b518-9d8256bf305c"
"f99f993f-18a7-4f7a-bc01-3db40464c787","1eb094f0-89c4-475b-bd7f-80c69e3cd916","cc7b4970-4772-4448-bd1e-7c58ffec9853",true,,,2024-12-15T18:05:18Z,2024-12-15T18:05:18Z,"6f06c29d-1061-4f7e-8738-b352aaabf5f7"
"f9e2122d-7e1d-4d79-ac79-d43f41fcb29e","c4f8698a-7308-40f5-9ecb-4f9e7ffa69fb","a0d218a2-81e6-40c1-87ab-a9cf68538938",true,2,,2024-12-08T01:46:28Z,2024-12-23T01:35:16Z,"cf7a3772-6c8b-4551-8f13-3677ab83986b"
"fab79765-8df0-4229-b351-9ed29db72980","b42dde42-efb7-4cf8-b9d3-bbf2c37f8abb","1c31479a-79b0-4510-b4f5-838f13dbf049",true,,,2024-12-23T01:53:56Z,2024-12-23T01:53:56Z,"0807be68-01fb-4267-b518-9d8256bf305c"
"fab95fc5-582a-4ee7-9850-b55a7cae62c4","c4f8698a-7308-40f5-9ecb-4f9e7ffa69fb","7197122c-b22f-4b60-9f62-a7c924a66eb9",true,3,,2024-12-08T01:46:28Z,2024-12-23T01:34:20Z,"cf7a3772-6c8b-4551-8f13-3677ab83986b"
"faca5938-365c-4faa-bad0-8111446b154f","7db935a3-9adc-492e-8c0d-39a483f3f13c","b18374ba-538e-49a8-ad0d-445d4ff48b2e",true,,,2024-12-23T01:53:40Z,2024-12-23T01:53:40Z,"0807be68-01fb-4267-b518-9d8256bf305c"
"fb6b3b08-6029-4bb1-aeb7-6011dd7e8c04","458515e7-1bc5-4ce8-b3b5-3484689949d2","d00d3cf8-90eb-4c33-a348-4bc0d90646b1",true,5,,2024-12-15T04:20:13Z,2024-12-23T01:36:16Z,"cf7a3772-6c8b-4551-8f13-3677ab83986b"
"fb6bd41e-9c53-4e0b-81d0-dc21e3cd404f","c4f8698a-7308-40f5-9ecb-4f9e7ffa69fb","004e5f75-de06-4713-a321-709fdab70bc0",true,5,,2024-12-08T01:46:28Z,2024-12-11T04:38:12Z,"cf7a3772-6c8b-4551-8f13-3677ab83986b"
"fb78dee6-b566-456e-979d-7ae91c81c01e","f2e90052-5346-44ca-96a1-14855aa6011d","173322e0-c1b0-4f69-bd38-2467734a3544",true,5,,2024-12-08T01:46:08Z,2024-12-22T04:11:30Z,"cf7a3772-6c8b-4551-8f13-3677ab83986b"
"fba8b07f-5c8a-4293-aad8-4a3685ab8964","1eb094f0-89c4-475b-bd7f-80c69e3cd916","010fe3a6-836b-4891-acb1-5ab4ed01a9ce",true,,,2024-12-15T18:05:18Z,2024-12-15T18:05:18Z,"6f06c29d-1061-4f7e-8738-b352aaabf5f7"
"fc0775a6-628b-4aa9-bf3e-ec1fd1d2cf33","c4f8698a-7308-40f5-9ecb-4f9e7ffa69fb","72d81e24-fd94-4625-b121-8318ceeb7fa0",true,1,,2024-12-08T01:46:28Z,2024-12-23T01:40:01Z,"cf7a3772-6c8b-4551-8f13-3677ab83986b"
"fd0a2f60-def9-4411-ba35-2c6638dadc97","458515e7-1bc5-4ce8-b3b5-3484689949d2","d893a8c7-3990-4d0b-ab44-2d0b8acf8260",true,4,,2024-12-15T04:20:13Z,2024-12-22T16:47:20Z,"cf7a3772-6c8b-4551-8f13-3677ab83986b"
"fdab79c1-f605-4c14-bef9-6d0b7711f234","b42dde42-efb7-4cf8-b9d3-bbf2c37f8abb","333c2ab2-1831-4f09-8755-502e8d61b345",true,,,2024-12-23T01:53:56Z,2024-12-23T01:53:56Z,"0807be68-01fb-4267-b518-9d8256bf305c"
"fde208e5-7f06-4149-82d8-f2e7bc849f20","458515e7-1bc5-4ce8-b3b5-3484689949d2","87edb4cc-146c-41d4-9f1b-9dec6a7d7900",true,5,,2024-12-15T04:20:13Z,2024-12-23T01:41:13Z,"cf7a3772-6c8b-4551-8f13-3677ab83986b"
"fdf2e2bb-a829-4267-93e5-f69ede5b5e87","458515e7-1bc5-4ce8-b3b5-3484689949d2","d0332145-74d1-440c-9646-b14f2f9ee203",true,5,,2024-12-15T04:20:13Z,2024-12-22T16:47:07Z,"cf7a3772-6c8b-4551-8f13-3677ab83986b"
"ff64f958-bfd6-4392-b6c3-292cc6ec5db3","1eb094f0-89c4-475b-bd7f-80c69e3cd916","8002adcc-e31b-4e51-8050-422ac6ef3598",true,,,2024-12-15T18:05:18Z,2024-12-15T18:05:18Z,"6f06c29d-1061-4f7e-8738-b352aaabf5f7"
